produto,ativo,elegivel_saof,saof_final_planilha,rank_final_planilha,horizonte_efetivo_dias,carencia_dias,penalidade_prazo_consolidado,saof_final_prazo_runtime,rank_prazo_runtime,rank_destino_switching,score_console,aparece_top5_planilha,aparece_top5_runtime,interpretacao_divergencia
CDB Genial 220% CDI - 60 dias,Sim,Sim,83.6,1.0,60,60,6.0,77.6,2,2,77.6,True,True,divergencia_por_penalidade_prazo_runtime
Mercado Pago Cofrinho 120% CDI (Meli+),Sim,Sim,79.6,2.0,0,0,0.0,79.6,1,1,79.6,True,True,divergencia_por_penalidade_prazo_runtime
CDB Neon Planejado 150% CDI - 60 dias,Sim,Sim,78.3,3.0,60,60,6.0,72.3,3,3,72.3,True,True,sem_divergencia_relevante
Tesouro Selic 2029,Sim,Sim,73.9,4.0,27,0,2.0,71.9,4,4,71.9,True,True,sem_divergencia_relevante
Mercado Pago Cofrinho 115% CDI,Sim,Sim,71.6,5.0,0,0,0.0,71.6,5,5,71.6,True,True,sem_divergencia_relevante
CDB BMG Escalonado - até 109% CDI - 5 anos,Sim,Sim,70.8,6.0,0,0,0.0,70.8,6,6,70.8,False,False,sem_divergencia_relevante
CDB Sofisa 105%,Sim,Sim,70.8,7.0,0,0,0.0,70.8,7,7,70.8,False,False,sem_divergencia_relevante
CDB InfinitePay 106%,Sim,Sim,66.7,8.0,31,31,6.0,60.7,10,10,60.7,False,False,divergencia_por_penalidade_prazo_runtime
Combo PicPay 100-120 3m,Sim,Sim,65.5,9.0,0,0,0.0,65.5,8,8,65.5,False,False,divergencia_por_penalidade_prazo_runtime
Combo PicPay 100-120 6m,Sim,Sim,65.5,10.0,0,0,0.0,65.5,9,9,65.5,False,False,divergencia_por_penalidade_prazo_runtime
LCA Inter 90 dias,Sim,Sim,63.3,11.0,90,90,10.0,53.3,15,15,53.3,False,False,divergencia_por_penalidade_prazo_runtime
CDB Neon Planejado 119% CDI - 361 dias,Sim,Sim,62.1,12.0,361,361,14.0,48.1,21,21,48.1,False,False,divergencia_por_penalidade_prazo_runtime
"CDB PagBank 15,00%",Sim,Sim,61.3,13.0,180,180,10.0,51.3,17,17,51.3,False,False,divergencia_por_penalidade_prazo_runtime
Tesouro Selic 2031,Sim,Sim,60.8,14.0,35,0,6.0,54.8,13,13,54.8,False,False,divergencia_por_penalidade_prazo_runtime
CDB PagBank 104%,Sim,Sim,60.5,15.0,90,90,10.0,50.5,18,18,50.5,False,False,divergencia_por_penalidade_prazo_runtime
LCI Daycoval Merge,Sim,Sim,60.5,16.0,180,180,10.0,50.5,19,19,50.5,False,False,divergencia_por_penalidade_prazo_runtime
CDB Digimais 140%,Sim,Sim,59.9,17.0,360,360,14.0,45.9,23,23,45.9,False,False,divergencia_por_penalidade_prazo_runtime
CDB Neon Planejado 112% CDI - 90 dias,Sim,Sim,58.7,18.0,90,90,10.0,48.7,20,20,48.7,False,False,divergencia_por_penalidade_prazo_runtime
Tesouro Prefixado 2029,Sim,Sim,58.6,19.0,199,0,14.0,44.6,25,25,44.6,False,False,divergencia_por_penalidade_prazo_runtime
CDB Neon Planejado 120% CDI - 721 dias,Sim,Sim,58.5,20.0,721,721,18.0,40.5,29,29,40.5,False,False,divergencia_por_penalidade_prazo_runtime
CDB Neon Cofrinho Escalonado - 100% a 113% CDI,Sim,Sim,56.8,21.0,0,0,0.0,56.8,11,11,56.8,False,False,divergencia_por_penalidade_prazo_runtime
Riza Lotus Prev XP Seg FIC FIM CP,Sim,Sim,56.4,22.0,181,0,14.0,42.4,28,28,42.4,False,False,divergencia_por_penalidade_prazo_runtime
CDB XP 150%,Sim,Sim,55.5,23.0,0,0,0.0,55.5,12,12,55.5,False,False,divergencia_por_penalidade_prazo_runtime
CDB Neon Planejado 116% CDI - 181 dias,Sim,Sim,54.5,24.0,181,181,14.0,40.5,30,30,40.5,False,False,divergencia_por_penalidade_prazo_runtime
LCI Pós 100% CDI 12m,Sim,Sim,54.4,25.0,360,360,14.0,40.4,31,31,40.4,False,False,divergencia_por_penalidade_prazo_runtime
LCA Original Prefixado 1 ano,Sim,Sim,54.3,26.0,365,365,14.0,40.3,32,32,40.3,False,False,divergencia_por_penalidade_prazo_runtime
"CDB PagBank 14,90%",Sim,Sim,54.1,27.0,365,365,14.0,40.1,33,33,40.1,False,False,divergencia_por_penalidade_prazo_runtime
CDB BMG Super Poupança,Sim,Sim,54.0,28.0,0,0,0.0,54.0,14,14,54.0,False,False,divergencia_por_penalidade_prazo_runtime
CDB PagBank 105%,Sim,Sim,53.9,29.0,180,180,10.0,43.9,26,26,43.9,False,False,divergencia_por_penalidade_prazo_runtime
J&F Investimentos 2 anos,Sim,Sim,53.2,30.0,730,730,18.0,35.2,49,49,35.2,False,False,divergencia_por_penalidade_prazo_runtime
LCA Original Pós-Fixado 2 anos,Sim,Sim,52.1,31.0,730,730,18.0,34.1,51,51,34.1,False,False,divergencia_por_penalidade_prazo_runtime
Combo PicPay 100-115,Sim,Sim,51.5,32.0,0,0,0.0,51.5,16,16,51.5,False,False,divergencia_por_penalidade_prazo_runtime
ACE Capital Multicenários FC FIF MULT - RL,Sim,Sim,51.1,33.0,181,17,14.0,37.1,34,34,37.1,False,False,divergencia_por_penalidade_prazo_runtime
Trend Bolsas Globais FIA RL,Sim,Sim,51.1,34.0,181,6,14.0,37.1,35,35,37.1,False,False,divergencia_por_penalidade_prazo_runtime
Trend Commodities FIM RL,Sim,Sim,51.1,35.0,181,6,14.0,37.1,36,36,37.1,False,False,divergencia_por_penalidade_prazo_runtime
Trend Ouro FIF Multi RL,Sim,Sim,51.1,36.0,181,6,14.0,37.1,37,37,37.1,False,False,divergencia_por_penalidade_prazo_runtime
"Kapitalo Kappa Fin FIC FIF Multim - Resp, Limitada - Classe Única",Sim,Sim,50.8,37.0,31,31,6.0,44.8,24,24,44.8,False,False,divergencia_por_penalidade_prazo_runtime
Tesouro Educa+ 2027,Sim,Sim,49.8,38.0,365,0,14.0,35.8,40,40,35.8,False,False,divergencia_por_penalidade_prazo_runtime
Tesouro Educa+ 2028,Sim,Sim,49.7,39.0,365,0,14.0,35.7,42,42,35.7,False,False,divergencia_por_penalidade_prazo_runtime
Tesouro Educa+ 2029,Sim,Sim,49.7,40.0,365,0,14.0,35.7,43,43,35.7,False,False,divergencia_por_penalidade_prazo_runtime
Tesouro Educa+ 2030,Sim,Sim,49.7,41.0,365,0,14.0,35.7,44,44,35.7,False,False,divergencia_por_penalidade_prazo_runtime
Tesouro IPCA+ 2032,Sim,Sim,49.7,42.0,365,0,14.0,35.7,45,45,35.7,False,False,divergencia_por_penalidade_prazo_runtime
Tesouro Educa+ 2031,Sim,Sim,49.6,43.0,365,0,14.0,35.6,46,46,35.6,False,False,divergencia_por_penalidade_prazo_runtime
Tesouro Educa+ 2032,Sim,Sim,49.5,44.0,365,0,14.0,35.5,47,47,35.5,False,False,divergencia_por_penalidade_prazo_runtime
Tesouro Educa+ 2033,Sim,Sim,49.4,45.0,365,0,14.0,35.4,48,48,35.4,False,False,divergencia_por_penalidade_prazo_runtime
J&F Investimentos 1 ano,Sim,Sim,49.2,46.0,365,365,14.0,35.2,50,50,35.2,False,False,divergencia_por_penalidade_prazo_runtime
"CDB BTG 15,00% Prefixado",Sim,Sim,47.1,47.0,90,90,10.0,37.1,38,38,37.1,False,False,divergencia_por_penalidade_prazo_runtime
Trend DI FIC RF Simples RL,Sim,Sim,46.8,48.0,0,0,0.0,46.8,22,22,46.8,False,False,divergencia_por_penalidade_prazo_runtime
CDB BMG DI 109% CDI - 1 ano,Sim,Sim,46.1,49.0,365,365,14.0,32.1,52,52,32.1,False,False,divergencia_por_penalidade_prazo_runtime
J&F Investimentos 6 meses,Sim,Sim,45.8,50.0,180,180,10.0,35.8,41,41,35.8,False,False,divergencia_por_penalidade_prazo_runtime
ICATU VANGUARDA ABSOLUTO II FI RF CP PREV,Sim,Sim,43.8,51.0,181,0,14.0,29.8,54,54,29.8,False,False,divergencia_por_penalidade_prazo_runtime
LCA Original Prefixado 2 anos,Sim,Sim,43.3,52.0,730,730,18.0,25.3,56,56,25.3,False,False,divergencia_por_penalidade_prazo_runtime
LCA Original Prefixado 3 anos,Sim,Sim,43.2,53.0,1095,1095,18.0,25.2,57,57,25.2,False,False,divergencia_por_penalidade_prazo_runtime
Mapfre Confianza FIF RF Referenciado DI CP RL,Sim,Sim,43.2,54.0,0,0,0.0,43.2,27,27,43.2,False,False,divergencia_por_penalidade_prazo_runtime
Tesouro IPCA+ com Juros Semestrais 2037,Sim,Sim,42.3,55.0,365,0,14.0,28.3,55,55,28.3,False,False,sem_divergencia_relevante
J&F Investimentos 3 meses,Sim,Sim,40.9,56.0,90,90,10.0,30.9,53,53,30.9,False,False,divergencia_por_penalidade_prazo_runtime
CDB BMG DI 114% CDI - 5 anos,Sim,Sim,39.7,57.0,1825,1825,18.0,21.7,60,60,21.7,False,False,divergencia_por_penalidade_prazo_runtime
CDB BMG DI 112% CDI - 3 anos,Sim,Sim,38.9,58.0,1095,1095,18.0,20.9,61,61,20.9,False,False,divergencia_por_penalidade_prazo_runtime
CDB BMG DI 111% CDI - 2 anos,Sim,Sim,38.7,59.0,730,730,18.0,20.7,62,62,20.7,False,False,divergencia_por_penalidade_prazo_runtime
Tesouro Educa+ 2034,Sim,Sim,38.3,60.0,365,0,14.0,24.3,58,58,24.3,False,False,divergencia_por_penalidade_prazo_runtime
CDB PicPay Bank 18 Meses,Sim,Sim,38.0,61.0,540,540,18.0,20.0,63,63,20.0,False,False,divergencia_por_penalidade_prazo_runtime
"CDB BMG Pré 14,88% - 2 anos",Sim,Sim,37.8,62.0,730,730,18.0,19.8,64,64,19.8,False,False,divergencia_por_penalidade_prazo_runtime
"CDB BMG Pré 14,84% - 3 anos",Sim,Sim,37.7,63.0,1095,1095,18.0,19.7,65,65,19.7,False,False,divergencia_por_penalidade_prazo_runtime
Tesouro IPCA+ 2035,Sim,Sim,37.6,64.0,365,0,14.0,23.6,59,59,23.6,False,False,divergencia_por_penalidade_prazo_runtime
Compromissada ABC 80% CDI,Sim,Sim,36.2,65.0,2,2,0.0,36.2,39,39,36.2,False,False,divergencia_por_penalidade_prazo_runtime
"CDB BMG IPCA+ 9,01% - 2 anos",Sim,Sim,35.8,66.0,730,730,18.0,17.8,66,66,17.8,False,False,sem_divergencia_relevante
CDB BMG DI 113% CDI - 4 anos,Sim,Sim,35.5,67.0,1460,1460,18.0,17.5,67,67,17.5,False,False,sem_divergencia_relevante
"CDB BMG IPCA+ 8,68% - 3 anos",Sim,Sim,35.3,68.0,1095,1095,18.0,17.3,68,68,17.3,False,False,sem_divergencia_relevante
CDB BMG DI 110% CDI - 6 anos,Sim,Sim,34.9,69.0,2190,2190,18.0,16.9,69,69,16.9,False,False,sem_divergencia_relevante
"CDB BMG Pré 14,96% - 5 anos",Sim,Sim,34.3,70.0,1825,1825,18.0,16.3,70,70,16.3,False,False,sem_divergencia_relevante
"CDB BMG Pré 14,90% - 4 anos",Sim,Sim,34.2,71.0,1460,1460,18.0,16.2,71,71,16.2,False,False,sem_divergencia_relevante
CDB BMG Duplo Indexado - 2 anos,Sim,Sim,32.9,72.0,730,730,18.0,14.9,72,72,14.9,False,False,sem_divergencia_relevante
CDB BMG Duplo Indexado - 3 anos,Sim,Sim,32.9,73.0,1095,1095,18.0,14.9,73,73,14.9,False,False,sem_divergencia_relevante
"CDB BMG IPCA+ 8,65% - 5 anos",Sim,Sim,31.7,74.0,1825,1825,18.0,13.7,74,74,13.7,False,False,sem_divergencia_relevante
"CDB BMG IPCA+ 8,69% - 4 anos",Sim,Sim,31.7,75.0,1460,1460,18.0,13.7,75,75,13.7,False,False,sem_divergencia_relevante
LCA BTG Prefixado 5 anos,Sim,Sim,31.5,76.0,1825,1825,18.0,13.5,76,76,13.5,False,False,sem_divergencia_relevante
"LCA IPCA+ 5,50% 3 anos",Sim,Sim,28.8,77.0,1080,1080,18.0,10.8,77,77,10.8,False,False,sem_divergencia_relevante
CDB BMG DI Renda Mensal 108% CDI - 3 anos,Sim,Sim,20.1,78.0,1095,1095,18.0,2.1,78,78,2.1,False,False,sem_divergencia_relevante
