pagamento_id,data_pagamento_motor,descricao_motor,valor_motor,lote_recomendado_motor,lote_final_central,lote_sugerido_extrato,estrategia_recomendada_motor,estrategia_extrato,cobertura_integral_recomendada_motor,pagamento_totalmente_coberto_central,cobertura_integral_extrato,saldo_residual_temporal_motor,saldo_remanescente_central,saldo_remanescente_extrato,necessidade_switching_motor,necessita_switching_extrato,origem_mista_detectada,divergencia_lote_motor_central,divergencia_lote_motor_extrato,divergencia_lote_central_extrato,divergencia_estrategia_motor_extrato,divergencia_cobertura_motor_central,divergencia_cobertura_motor_extrato,divergencia_cobertura_central_extrato,divergencia_saldo_motor_central,divergencia_saldo_motor_extrato,divergencia_saldo_central_extrato,divergencia_switching_motor_extrato,fonte_de_verdade_operacional,precedencia_entre_camadas
despesa_auto_00069,2026-04-29,Tratamento Lara,530.0,Lote 3000 mar. B,Lote 3000 mar. B,Lote 3000 mar. B,sem_switching,sem_switching,sim,sim,sim,3466.5,2610.81,2610.81,não,não,True,False,False,False,False,False,False,False,True,True,False,False,NAO_CONSOLIDADA,NAO_DEFINIDA
despesa_auto_00070,2026-05-04,Cartão NU,1500.0,Lote 3000 mar. B,Lote 3000 mar. B,Lote 3000 mar. B,sem_switching,sem_switching,sim,sim,sim,1966.5,1100.74,1100.74,não,não,True,False,False,False,False,False,False,False,True,True,False,False,NAO_CONSOLIDADA,NAO_DEFINIDA
despesa_auto_00071,2026-05-06,Cemig SIM,195.0,Lote 3000 mar. V,Lote 3000 mar. V,Lote 3000 mar. V,sem_switching,sem_switching,sim,sim,sim,3805.91,2969.1,2969.1,não,não,True,False,False,False,False,False,False,False,True,True,False,False,NAO_CONSOLIDADA,NAO_DEFINIDA
despesa_auto_00072,2026-05-06,Faxina Rosa,950.0,Lote 3600 mai.,Lote 3600 mai.,Lote 3600 mai.,sem_switching,sem_switching,sim,sim,sim,0.0,2650.0,2650.0,não,não,True,False,False,False,False,False,False,False,True,True,False,False,NAO_CONSOLIDADA,NAO_DEFINIDA
despesa_auto_00073,2026-05-08,Claro,120.0,saldo_disponivel_geral,saldo_disponivel_geral,saldo_disponivel_geral,sem_switching,sem_switching,sim,sim,sim,0.0,16160.0,16160.0,não,não,True,False,False,False,False,False,False,False,True,True,False,False,NAO_CONSOLIDADA,NAO_DEFINIDA
despesa_auto_00074,2026-05-10,Ginástica Biola,65.0,saldo_disponivel_geral,saldo_disponivel_geral,saldo_disponivel_geral,sem_switching,sem_switching,sim,sim,sim,0.0,16095.0,16095.0,não,não,True,False,False,False,False,False,False,False,True,True,False,False,NAO_CONSOLIDADA,NAO_DEFINIDA
despesa_auto_00075,2026-05-11,Cemig,95.05,saldo_disponivel_geral,saldo_disponivel_geral,saldo_disponivel_geral,sem_switching,sem_switching,sim,sim,sim,0.0,15999.95,15999.95,não,não,True,False,False,False,False,False,False,False,True,True,False,False,NAO_CONSOLIDADA,NAO_DEFINIDA
despesa_auto_00076,2026-05-12,Aluguel,981.95,Lote 3600 mai.,Lote 3600 mai.,Lote 3600 mai.,sem_switching,sem_switching,sim,sim,sim,0.0,1668.05,1668.05,não,não,True,False,False,False,False,False,False,False,True,True,False,False,NAO_CONSOLIDADA,NAO_DEFINIDA
despesa_auto_00077,2026-05-12,Escola,2831.4,Lote 3600 mai.,Lote 3600 mai.,Lote 3600 mai.,sem_switching,sem_switching,sim,sim,sim,0.0,768.6,768.6,não,não,True,False,False,False,False,False,False,False,True,True,False,False,NAO_CONSOLIDADA,NAO_DEFINIDA
despesa_auto_00078,2026-05-12,Pelada,50.0,Lote 3000 mar. V,Lote 3000 mar. V,Lote 3000 mar. V,sem_switching,sem_switching,sim,sim,sim,3755.91,2933.54,2933.54,não,não,True,False,False,False,False,False,False,False,True,True,False,False,NAO_CONSOLIDADA,NAO_DEFINIDA
despesa_auto_00079,2026-05-15,Internet,132.4,saldo_disponivel_geral,saldo_disponivel_geral,saldo_disponivel_geral,sem_switching,sem_switching,sim,sim,sim,0.0,15867.55,15867.55,não,não,True,False,False,False,False,False,False,False,True,True,False,False,NAO_CONSOLIDADA,NAO_DEFINIDA
despesa_auto_00080,2026-05-20,Cartão Azul,7200.0,saldo_disponivel_geral,saldo_disponivel_geral,saldo_disponivel_geral,sem_switching,sem_switching,sim,sim,sim,0.0,8554.24,8554.24,não,não,True,False,False,False,False,False,False,False,True,True,False,False,NAO_CONSOLIDADA,NAO_DEFINIDA
despesa_auto_00081,2026-05-20,Condomínio,113.31,saldo_disponivel_geral,saldo_disponivel_geral,saldo_disponivel_geral,sem_switching,sem_switching,sim,sim,sim,0.0,15754.24,15754.24,não,não,True,False,False,False,False,False,False,False,True,True,False,False,NAO_CONSOLIDADA,NAO_DEFINIDA
despesa_auto_00082,2026-06-02,Cartão NU,580.0,Lote 8500 mar.,Lote 3600 mai.,Lote 3600 mai.,switching_simples,switching_simples,sim,sim,sim,5618.34,1088.05,1088.05,sim,sim,True,True,True,False,False,False,False,False,True,True,False,False,NAO_CONSOLIDADA,NAO_DEFINIDA
despesa_auto_00083,2026-06-05,Cemig SIM,195.0,Lote 3600 mai.,Lote 3600 mai.,Lote 3600 mai.,sem_switching,sem_switching,sim,sim,sim,0.0,573.6,573.6,não,não,True,False,False,False,False,False,False,False,True,True,False,False,NAO_CONSOLIDADA,NAO_DEFINIDA
despesa_auto_00084,2026-06-05,Faxina Rosa,950.0,Lote 8500 mar.,Lote 8500 mar.,Lote 8500 mar.,switching_simples,switching_simples,sim,sim,sim,4668.34,4693.32,4693.32,sim,sim,True,False,False,False,False,False,False,False,True,True,False,False,NAO_CONSOLIDADA,NAO_DEFINIDA
despesa_auto_00085,2026-06-08,Claro,120.0,Lote 8500 mar.,Lote 3000 mar. V,Lote 3000 mar. V,switching_simples,switching_simples,sim,sim,sim,4548.34,2882.87,2882.87,sim,sim,True,True,True,False,False,False,False,False,True,True,False,False,NAO_CONSOLIDADA,NAO_DEFINIDA
despesa_auto_00086,2026-06-10,Ginástica Biola,65.0,Lote 8500 mar.,saldo_disponivel_geral,saldo_disponivel_geral,switching_simples,switching_simples,sim,sim,sim,4483.34,22969.24,22969.24,sim,sim,True,True,True,False,False,False,False,False,True,True,False,False,NAO_CONSOLIDADA,NAO_DEFINIDA
despesa_auto_00087,2026-06-10,Pelada,50.0,Lote 8500 mar.,saldo_disponivel_geral,saldo_disponivel_geral,switching_simples,switching_simples,sim,sim,sim,4433.34,22919.24,22919.24,sim,sim,True,True,True,False,False,False,False,False,True,True,False,False,NAO_CONSOLIDADA,NAO_DEFINIDA
despesa_auto_00088,2026-06-10,Tratamento Lara,530.0,Lote 3600 mai.,Lote 3600 mai.,Lote 3600 mai.,sem_switching,sem_switching,sim,sim,sim,0.0,558.05,558.05,não,não,True,False,False,False,False,False,False,False,True,True,False,False,NAO_CONSOLIDADA,NAO_DEFINIDA
despesa_auto_00089,2026-06-11,Cemig,95.12,Lote 8500 mar.,Lote 3600 mai.,Lote 3600 mai.,switching_simples,switching_simples,sim,sim,sim,4338.22,462.93,462.93,sim,sim,True,True,True,False,False,False,False,False,True,True,False,False,NAO_CONSOLIDADA,NAO_DEFINIDA
despesa_auto_00090,2026-06-12,Aluguel,981.95,Lote 8500 mar.,Lote 1800 jun.,Lote 1800 jun.,switching_simples,switching_simples,sim,sim,sim,3356.27,818.05,818.05,sim,sim,True,True,True,False,False,False,False,False,True,True,False,False,NAO_CONSOLIDADA,NAO_DEFINIDA
despesa_auto_00091,2026-06-12,Escola,2831.4,Lote 8500 mar.,Lote 5680 jun.,Lote 5680 jun.,switching_simples,switching_simples,sim,sim,sim,524.87,2848.6,2848.6,sim,sim,True,True,True,False,False,False,False,False,True,True,False,False,NAO_CONSOLIDADA,NAO_DEFINIDA
despesa_auto_00092,2026-06-15,Internet,132.4,Lote 5680 abr.,Lote 3600 mai.,Lote 3600 mai.,switching_simples,switching_simples,sim,sim,sim,5451.99,330.53,330.53,sim,sim,True,True,True,False,False,False,False,False,True,True,False,False,NAO_CONSOLIDADA,NAO_DEFINIDA
despesa_auto_00093,2026-06-19,Cartão Azul,7200.0,saldo_disponivel_geral,saldo_disponivel_geral,saldo_disponivel_geral,sem_switching,sem_switching,sim,sim,sim,0.0,15719.24,15719.24,não,não,True,False,False,False,False,False,False,False,True,True,False,False,NAO_CONSOLIDADA,NAO_DEFINIDA
despesa_auto_00094,2026-06-19,Condomínio,113.31,Lote 5680 abr.,Lote 3600 mai.,Lote 3600 mai.,switching_simples,switching_simples,sim,sim,sim,5338.68,217.22,217.22,sim,sim,True,True,True,False,False,False,False,False,True,True,False,False,NAO_CONSOLIDADA,NAO_DEFINIDA
despesa_auto_00095,2026-07-02,Cartão NU,930.0,Lote 5680 abr.,Lote 8500 mar.,Lote 8500 mar.,switching_simples,switching_simples,sim,sim,sim,4408.68,3805.58,3805.58,sim,sim,True,True,True,False,False,False,False,False,True,True,False,False,NAO_CONSOLIDADA,NAO_DEFINIDA
despesa_auto_00096,2026-07-06,Cemig SIM,195.0,Lote 5680 abr.,Lote 3600 mai.,Lote 3600 mai.,switching_simples,switching_simples,sim,sim,sim,4213.68,22.22,22.22,sim,sim,True,True,True,False,False,False,False,False,True,True,False,False,NAO_CONSOLIDADA,NAO_DEFINIDA
despesa_auto_00097,2026-07-06,Faxina Rosa,950.0,Lote 5680 abr.,Lote 1800 jun.,Lote 1800 jun.,switching_simples,switching_simples,sim,sim,sim,3263.68,850.0,850.0,sim,sim,True,True,True,False,False,False,False,False,True,True,False,False,NAO_CONSOLIDADA,NAO_DEFINIDA
despesa_auto_00098,2026-07-08,Claro,120.0,Lote 5680 abr.,Lote 3600 mai.,Lote 3600 mai.,switching_simples,switching_simples,sim,sim,sim,3143.68,453.6,453.6,sim,sim,True,True,True,False,False,False,False,False,True,True,False,False,NAO_CONSOLIDADA,NAO_DEFINIDA
despesa_auto_00099,2026-07-10,Ginástica Biola,65.0,Lote 5680 abr.,Lote 8500 mar.,Lote 8500 mar.,switching_simples,switching_simples,sim,sim,sim,3078.68,3753.1,3753.1,sim,sim,True,True,True,False,False,False,False,False,True,True,False,False,NAO_CONSOLIDADA,NAO_DEFINIDA
despesa_auto_00100,2026-07-13,Aluguel,981.95,Lote 5680 abr.,Lote 5680 jul.,Lote 5680 jul.,switching_simples,switching_simples,sim,sim,sim,2096.73,4698.05,4698.05,sim,sim,True,True,True,False,False,False,False,False,True,True,False,False,NAO_CONSOLIDADA,NAO_DEFINIDA
despesa_auto_00101,2026-07-13,Cemig,95.12,Lote 3000 mar. V,Lote 3600 mai.,Lote 3600 mai.,switching_simples,switching_simples,sim,sim,sim,3660.79,358.48,358.48,sim,sim,True,True,True,False,False,False,False,False,True,True,False,False,NAO_CONSOLIDADA,NAO_DEFINIDA
despesa_auto_00102,2026-07-13,Escola,2831.4,Lote 3000 mar. V,Lote 5680 jun.,Lote 5680 jun.,switching_simples,switching_simples,sim,sim,sim,829.39,17.2,17.2,sim,sim,True,True,True,False,False,False,False,False,True,True,False,False,NAO_CONSOLIDADA,NAO_DEFINIDA
despesa_auto_00103,2026-07-15,Internet,132.4,Lote 5680 abr.,Lote 3600 mai.,Lote 3600 mai.,switching_simples,switching_simples,sim,sim,sim,1964.33,226.08,226.08,sim,sim,True,True,True,False,False,False,False,False,True,True,False,False,NAO_CONSOLIDADA,NAO_DEFINIDA
despesa_auto_00104,2026-07-15,Pelada,50.0,Lote 5680 abr.,Lote 8500 mar.,Lote 8500 mar.,switching_simples,switching_simples,sim,sim,sim,1914.33,3709.05,3709.05,sim,sim,True,True,True,False,False,False,False,False,True,True,False,False,NAO_CONSOLIDADA,NAO_DEFINIDA
despesa_auto_00105,2026-07-20,Cartão Azul,6800.0,Lote 7000 jul.,Lote 7000 jul.,Lote 7000 jul.,sem_switching,sem_switching,sim,sim,sim,0.0,200.0,200.0,não,não,True,False,False,False,False,False,False,False,True,True,False,False,NAO_CONSOLIDADA,NAO_DEFINIDA
despesa_auto_00106,2026-07-20,Condomínio,113.31,Lote 5680 abr.,saldo_disponivel_geral,saldo_disponivel_geral,switching_simples,switching_simples,sim,sim,sim,1801.02,28285.93,28285.93,sim,sim,True,True,True,False,False,False,False,False,True,True,False,False,NAO_CONSOLIDADA,NAO_DEFINIDA
despesa_auto_00107,2026-08-03,Cartão NU,1500.0,Lote 5680 abr.,Lote 5680 jul.,Lote 5680 jul.,switching_simples,switching_simples,sim,sim,sim,301.02,3198.05,3198.05,sim,sim,True,True,True,False,False,False,False,False,True,True,False,False,NAO_CONSOLIDADA,NAO_DEFINIDA
despesa_auto_00108,2026-08-05,Faxina Rosa,950.0,Lote 3000 mar. B,Lote 5680 jul.,Lote 5680 jul.,switching_simples,switching_simples,sim,sim,sim,1016.5,2248.05,2248.05,sim,sim,True,True,True,False,False,False,False,False,True,True,False,False,NAO_CONSOLIDADA,NAO_DEFINIDA
despesa_auto_00109,2026-08-06,Cemig SIM,195.0,Lote 3000 mar. B,Lote 7000 jul.,Lote 7000 jul.,switching_simples,switching_simples,sim,sim,sim,821.5,5.0,5.0,sim,sim,True,True,True,False,False,False,False,False,True,True,False,False,NAO_CONSOLIDADA,NAO_DEFINIDA
despesa_auto_00110,2026-08-06,Claro,120.0,Lote 3000 mar. V,saldo_disponivel_geral,saldo_disponivel_geral,switching_simples,switching_simples,sim,sim,sim,709.39,40845.93,40845.93,sim,sim,True,True,True,False,False,False,False,False,True,True,False,False,NAO_CONSOLIDADA,NAO_DEFINIDA
despesa_auto_00111,2026-08-10,Ginástica Biola,65.0,Lote 3000 mar. B,saldo_disponivel_geral,saldo_disponivel_geral,switching_simples,switching_simples,sim,sim,sim,756.5,40780.93,40780.93,sim,sim,True,True,True,False,False,False,False,False,True,True,False,False,NAO_CONSOLIDADA,NAO_DEFINIDA
despesa_auto_00112,2026-08-11,Cemig,95.12,Lote 3000 mar. B,saldo_disponivel_geral,saldo_disponivel_geral,switching_simples,switching_simples,sim,sim,sim,661.38,40685.81,40685.81,sim,sim,True,True,True,False,False,False,False,False,True,True,False,False,NAO_CONSOLIDADA,NAO_DEFINIDA
despesa_auto_00113,2026-08-12,Aluguel,981.95,Lote 5680 jul.,Lote 5680 jul.,Lote 5680 jul.,sem_switching,sem_switching,sim,sim,sim,0.0,1266.1,1266.1,não,não,True,False,False,False,False,False,False,False,True,True,False,False,NAO_CONSOLIDADA,NAO_DEFINIDA
despesa_auto_00114,2026-08-12,Escola,2831.4,Lote 5680 ago.,Lote 5680 ago.,Lote 5680 ago.,sem_switching,sem_switching,sim,sim,sim,0.0,2848.6,2848.6,não,não,True,False,False,False,False,False,False,False,True,True,False,False,NAO_CONSOLIDADA,NAO_DEFINIDA
despesa_auto_00115,2026-08-12,Material,460.0,Lote 8500 mar.,Lote 1800 jun.,Lote 1800 jun.,switching_simples,switching_simples,sim,sim,sim,64.87,358.05,358.05,sim,sim,True,True,True,False,False,False,False,False,True,True,False,False,NAO_CONSOLIDADA,NAO_DEFINIDA
despesa_auto_00116,2026-08-12,Pelada,50.0,Lote 3000 mar. V,saldo_disponivel_geral,saldo_disponivel_geral,switching_simples,switching_simples,sim,sim,sim,659.39,40635.81,40635.81,sim,sim,True,True,True,False,False,False,False,False,True,True,False,False,NAO_CONSOLIDADA,NAO_DEFINIDA
despesa_auto_00117,2026-08-12,Tratamento Lara,530.0,Lote 3000 mar. B,Lote 3000 mar. B,Lote 3000 mar. B,switching_simples,switching_simples,sim,sim,sim,131.38,659.73,659.73,sim,sim,True,False,False,False,False,False,False,False,True,True,False,False,NAO_CONSOLIDADA,NAO_DEFINIDA
despesa_auto_00118,2026-08-15,Internet,132.4,Lote 3000 mar. V,Lote 5680 abr.,Lote 5680 abr.,switching_simples,switching_simples,sim,sim,sim,526.99,4968.23,4968.23,sim,sim,True,True,True,False,False,False,False,False,True,True,False,False,NAO_CONSOLIDADA,NAO_DEFINIDA
despesa_auto_00119,2026-08-20,Cartão Azul,5800.0,Lote 7000 ago.,Lote 7000 ago.,Lote 7000 ago.,sem_switching,sem_switching,sim,sim,sim,0.0,1200.0,1200.0,não,não,True,False,False,False,False,False,False,False,True,True,False,False,NAO_CONSOLIDADA,NAO_DEFINIDA
despesa_auto_00120,2026-08-20,Condomínio,113.31,Lote 3000 mar. V,Lote 3000 mar. V,Lote 3000 mar. V,switching_simples,switching_simples,sim,sim,sim,413.68,2966.23,2966.23,sim,sim,True,False,False,False,False,False,False,False,True,True,False,False,NAO_CONSOLIDADA,NAO_DEFINIDA
despesa_auto_00121,2026-09-02,Cartão NU,2000.0,Lote 8500 mar.,Lote 8500 mar.,Lote 8500 mar.,sem_switching,sem_switching,sim,sim,sim,0.0,1753.15,1753.15,não,não,True,False,False,False,False,False,False,False,True,True,False,False,NAO_CONSOLIDADA,NAO_DEFINIDA
despesa_auto_00122,2026-09-04,Faxina Rosa,950.0,Lote 7000 ago.,Lote 7000 ago.,Lote 7000 ago.,sem_switching,sem_switching,sim,sim,sim,0.0,250.0,250.0,não,não,True,False,False,False,False,False,False,False,True,True,False,False,NAO_CONSOLIDADA,NAO_DEFINIDA
despesa_auto_00123,2026-09-06,Cemig SIM,195.0,Lote 3000 mar. V,Lote 5680 abr.,Lote 5680 abr.,switching_simples,switching_simples,sim,sim,sim,218.68,4831.65,4831.65,sim,sim,True,True,True,False,False,False,False,False,True,True,False,False,NAO_CONSOLIDADA,NAO_DEFINIDA
despesa_auto_00124,2026-09-08,Claro,120.0,Lote 5680 abr.,Lote 7000 ago.,Lote 7000 ago.,switching_simples,switching_simples,sim,sim,sim,181.02,130.0,130.0,sim,sim,True,True,True,False,False,False,False,False,True,True,False,False,NAO_CONSOLIDADA,NAO_DEFINIDA
despesa_auto_00125,2026-09-08,IPTU,90.0,Lote 5680 abr.,Lote 7000 ago.,Lote 7000 ago.,switching_simples,switching_simples,sim,sim,sim,91.02,40.0,40.0,sim,sim,True,True,True,False,False,False,False,False,True,True,False,False,NAO_CONSOLIDADA,NAO_DEFINIDA
despesa_auto_00126,2026-09-09,Pelada,50.0,Lote 3000 mar. V,saldo_disponivel_geral,saldo_disponivel_geral,switching_simples,switching_simples,sim,sim,sim,168.68,53265.81,53265.81,sim,sim,True,True,True,False,False,False,False,False,True,True,False,False,NAO_CONSOLIDADA,NAO_DEFINIDA
despesa_auto_00127,2026-09-10,Ginástica Biola,65.0,Lote 1800 jun.,Lote 1800 jun.,Lote 1800 jun.,sem_switching,sem_switching,sim,sim,sim,0.0,293.05,293.05,não,não,True,False,False,False,False,False,False,False,True,True,False,False,NAO_CONSOLIDADA,NAO_DEFINIDA
despesa_auto_00128,2026-09-11,Aluguel,981.95,Lote 5680 jul.,Lote 5680 jul.,Lote 5680 jul.,sem_switching,sem_switching,sim,sim,sim,0.0,284.15,284.15,não,não,True,False,False,False,False,False,False,False,True,True,False,False,NAO_CONSOLIDADA,NAO_DEFINIDA
despesa_auto_00129,2026-09-11,Cemig,95.12,Lote 5680 jul.,Lote 5680 jul.,Lote 5680 jul.,sem_switching,sem_switching,sim,sim,sim,0.0,189.03,189.03,não,não,True,False,False,False,False,False,False,False,True,True,False,False,NAO_CONSOLIDADA,NAO_DEFINIDA
despesa_auto_00130,2026-09-11,Escola,2831.4,Lote 5680 ago.,Lote 5680 ago.,Lote 5680 ago.,sem_switching,sem_switching,sim,sim,sim,0.0,17.2,17.2,não,não,True,False,False,False,False,False,False,False,True,True,False,False,NAO_CONSOLIDADA,NAO_DEFINIDA
despesa_auto_00131,2026-09-15,Internet,132.4,Lote 5680 jul.,Lote 5680 jul.,Lote 5680 jul.,sem_switching,sem_switching,sim,sim,sim,0.0,56.63,56.63,não,não,True,False,False,False,False,False,False,False,True,True,False,False,NAO_CONSOLIDADA,NAO_DEFINIDA
despesa_auto_00132,2026-09-20,Cartão Azul,6850.0,Lote 7000 jun.,Lote 7000 jun.,Lote 7000 jun.,sem_switching,sem_switching,sim,sim,sim,0.0,150.0,150.0,não,não,True,False,False,False,False,False,False,False,True,True,False,False,NAO_CONSOLIDADA,NAO_DEFINIDA
despesa_auto_00133,2026-09-21,Condomínio,113.31,Lote 7000 jun.,Lote 7000 jun.,Lote 7000 jun.,sem_switching,sem_switching,sim,sim,sim,0.0,36.69,36.69,não,não,True,False,False,False,False,False,False,False,True,True,False,False,NAO_CONSOLIDADA,NAO_DEFINIDA
despesa_auto_00134,2026-10-02,Cartão NU,1800.0,Lote 5680 mai.,Lote 5680 mai.,Lote 5680 mai.,sem_switching,sem_switching,sim,sim,sim,0.0,3880.0,3880.0,não,não,True,False,False,False,False,False,False,False,True,True,False,False,NAO_CONSOLIDADA,NAO_DEFINIDA
despesa_auto_00135,2026-10-05,Faxina Rosa,950.0,Lote 5680 mai.,Lote 5680 mai.,Lote 5680 mai.,sem_switching,sem_switching,sim,sim,sim,0.0,2930.0,2930.0,não,não,True,False,False,False,False,False,False,False,True,True,False,False,NAO_CONSOLIDADA,NAO_DEFINIDA
despesa_auto_00136,2026-10-06,Cemig SIM,195.0,Lote 1800 jun.,Lote 1800 jun.,Lote 1800 jun.,sem_switching,sem_switching,sim,sim,sim,0.0,98.05,98.05,não,não,True,False,False,False,False,False,False,False,True,True,False,False,NAO_CONSOLIDADA,NAO_DEFINIDA
despesa_auto_00137,2026-10-07,Tratamento Lara,530.0,Lote 1800 jun.,Lote 1800 jun.,Lote 1800 jun.,sem_switching,sem_switching,sim,sim,sim,0.0,320.0,320.0,não,não,True,False,False,False,False,False,False,False,True,True,False,False,NAO_CONSOLIDADA,NAO_DEFINIDA
despesa_auto_00138,2026-10-08,Claro,120.0,Lote 8500 mar.,Lote 8500 mar.,Lote 8500 mar.,sem_switching,sem_switching,sim,sim,sim,0.0,1656.67,1656.67,não,não,True,False,False,False,False,False,False,False,True,True,False,False,NAO_CONSOLIDADA,NAO_DEFINIDA
despesa_auto_00139,2026-10-08,IPTU,90.0,Lote 1800 jun.,Lote 1800 jun.,Lote 1800 jun.,sem_switching,sem_switching,sim,sim,sim,0.0,8.05,8.05,não,não,True,False,False,False,False,False,False,False,True,True,False,False,NAO_CONSOLIDADA,NAO_DEFINIDA
despesa_auto_00140,2026-10-08,Onedrive,119.8,Lote 5680 abr.,Lote 5680 abr.,Lote 5680 abr.,sem_switching,sem_switching,sim,sim,sim,0.0,4801.93,4801.93,não,não,True,False,False,False,False,False,False,False,True,True,False,False,NAO_CONSOLIDADA,NAO_DEFINIDA
despesa_auto_00141,2026-10-10,Ginástica Biola,65.0,Lote 3000 mar. V,Lote 3000 mar. V,Lote 3000 mar. V,sem_switching,sem_switching,sim,sim,sim,103.68,3033.42,3033.42,não,não,True,False,False,False,False,False,False,False,True,True,False,False,NAO_CONSOLIDADA,NAO_DEFINIDA
despesa_auto_00142,2026-10-13,Aluguel,981.95,Lote 5680 out.,Lote 5680 out.,Lote 5680 out.,sem_switching,sem_switching,sim,sim,sim,0.0,4698.05,4698.05,não,não,True,False,False,False,False,False,False,False,True,True,False,False,NAO_CONSOLIDADA,NAO_DEFINIDA
despesa_auto_00143,2026-10-13,Cemig,95.12,Lote 5680 mai.,Lote 5680 mai.,Lote 5680 mai.,sem_switching,sem_switching,sim,sim,sim,0.0,3.48,3.48,não,não,True,False,False,False,False,False,False,False,True,True,False,False,NAO_CONSOLIDADA,NAO_DEFINIDA
despesa_auto_00144,2026-10-13,Escola,2831.4,Lote 5680 mai.,Lote 5680 mai.,Lote 5680 mai.,sem_switching,sem_switching,sim,sim,sim,0.0,98.6,98.6,não,não,True,False,False,False,False,False,False,False,True,True,False,False,NAO_CONSOLIDADA,NAO_DEFINIDA
despesa_auto_00145,2026-10-13,Pelada,50.0,Lote 3000 mar. B,Lote 3000 mar. B,Lote 3000 mar. B,sem_switching,sem_switching,sim,sim,sim,81.38,643.97,643.97,não,não,True,False,False,False,False,False,False,False,True,True,False,False,NAO_CONSOLIDADA,NAO_DEFINIDA
despesa_auto_00146,2026-10-15,Internet,132.4,saldo_disponivel_geral,saldo_disponivel_geral,saldo_disponivel_geral,sem_switching,sem_switching,sim,sim,sim,0.0,65813.41,65813.41,não,não,True,False,False,False,False,False,False,False,True,True,False,False,NAO_CONSOLIDADA,NAO_DEFINIDA
despesa_auto_00147,2026-10-20,Cartão Azul,6000.0,Lote 7000 mai.,Lote 7000 mai.,Lote 7000 mai.,sem_switching,sem_switching,sim,sim,sim,0.0,1000.0,1000.0,não,não,True,False,False,False,False,False,False,False,True,True,False,False,NAO_CONSOLIDADA,NAO_DEFINIDA
despesa_auto_00148,2026-10-20,Condomínio,113.31,Lote 3000 mar. B,Lote 3000 mar. B,Lote 3000 mar. B,sem_switching,sem_switching,sim,sim,sim,0.0,530.48,530.48,não,não,True,False,False,False,False,False,False,False,True,True,False,False,NAO_CONSOLIDADA,NAO_DEFINIDA
despesa_auto_00149,2026-11-03,Cartão NU,2200.0,Lote 5680 abr.,Lote 5680 abr.,Lote 5680 abr.,sem_switching,sem_switching,sim,sim,sim,0.0,2616.75,2616.75,não,não,True,False,False,False,False,False,False,False,True,True,False,False,NAO_CONSOLIDADA,NAO_DEFINIDA
despesa_auto_00150,2026-11-06,Cemig SIM,195.0,Lote 5680 abr.,Lote 5680 abr.,Lote 5680 abr.,sem_switching,sem_switching,sim,sim,sim,0.0,2423.81,2423.81,não,não,True,False,False,False,False,False,False,False,True,True,False,False,NAO_CONSOLIDADA,NAO_DEFINIDA
despesa_auto_00151,2026-11-06,Faxina Rosa,950.0,Lote 7000 mai.,Lote 7000 mai.,Lote 7000 mai.,sem_switching,sem_switching,sim,sim,sim,0.0,50.0,50.0,não,não,True,False,False,False,False,False,False,False,True,True,False,False,NAO_CONSOLIDADA,NAO_DEFINIDA
despesa_auto_00152,2026-11-09,Claro,120.0,Lote 5680 abr.,Lote 5680 abr.,Lote 5680 abr.,sem_switching,sem_switching,sim,sim,sim,0.0,2303.06,2303.06,não,não,True,False,False,False,False,False,False,False,True,True,False,False,NAO_CONSOLIDADA,NAO_DEFINIDA
despesa_auto_00153,2026-11-09,IPTU,90.0,Lote 1800 jun.,Lote 1800 jun.,Lote 1800 jun.,sem_switching,sem_switching,sim,sim,sim,0.0,230.0,230.0,não,não,True,False,False,False,False,False,False,False,True,True,False,False,NAO_CONSOLIDADA,NAO_DEFINIDA
despesa_auto_00154,2026-11-10,Ginástica Biola,65.0,saldo_disponivel_geral,saldo_disponivel_geral,saldo_disponivel_geral,sem_switching,sem_switching,sim,sim,sim,0.0,78428.41,78428.41,não,não,True,False,False,False,False,False,False,False,True,True,False,False,NAO_CONSOLIDADA,NAO_DEFINIDA
despesa_auto_00155,2026-11-11,Cemig,95.12,Lote 5680 abr.,Lote 5680 abr.,Lote 5680 abr.,sem_switching,sem_switching,sim,sim,sim,0.0,2209.54,2209.54,não,não,True,False,False,False,False,False,False,False,True,True,False,False,NAO_CONSOLIDADA,NAO_DEFINIDA
despesa_auto_00156,2026-11-11,Pelada,50.0,Lote 7000 mai.,Lote 7000 mai.,Lote 7000 mai.,sem_switching,sem_switching,sim,sim,sim,0.0,0.0,0.0,não,não,False,False,False,False,False,False,False,False,False,False,False,False,NAO_CONSOLIDADA,NAO_DEFINIDA
despesa_auto_00157,2026-11-12,Aluguel,981.95,Lote 5680 out.,Lote 5680 out.,Lote 5680 out.,sem_switching,sem_switching,sim,sim,sim,0.0,884.7,884.7,não,não,True,False,False,False,False,False,False,False,True,True,False,False,NAO_CONSOLIDADA,NAO_DEFINIDA
despesa_auto_00158,2026-11-12,Escola,2831.4,Lote 5680 out.,Lote 5680 out.,Lote 5680 out.,sem_switching,sem_switching,sim,sim,sim,0.0,1866.65,1866.65,não,não,True,False,False,False,False,False,False,False,True,True,False,False,NAO_CONSOLIDADA,NAO_DEFINIDA
despesa_auto_00159,2026-11-16,Internet,132.4,Lote 8500 mar.,Lote 8500 mar.,Lote 8500 mar.,sem_switching,sem_switching,sim,sim,sim,0.0,1545.83,1545.83,não,não,True,False,False,False,False,False,False,False,True,True,False,False,NAO_CONSOLIDADA,NAO_DEFINIDA
despesa_auto_00160,2026-11-20,Cartão Azul,5750.0,Lote 7000 nov.,Lote 7000 nov.,Lote 7000 nov.,sem_switching,sem_switching,sim,sim,sim,0.0,1250.0,1250.0,não,não,True,False,False,False,False,False,False,False,True,True,False,False,NAO_CONSOLIDADA,NAO_DEFINIDA
despesa_auto_00161,2026-11-20,Condomínio,113.31,saldo_disponivel_geral,saldo_disponivel_geral,saldo_disponivel_geral,sem_switching,sem_switching,sim,sim,sim,0.0,78315.1,78315.1,não,não,True,False,False,False,False,False,False,False,True,True,False,False,NAO_CONSOLIDADA,NAO_DEFINIDA
despesa_auto_00162,2026-12-02,Cartão NU,1880.0,Lote 5680 nov.,Lote 5680 nov.,Lote 5680 nov.,sem_switching,sem_switching,sim,sim,sim,0.0,3800.0,3800.0,não,não,True,False,False,False,False,False,False,False,True,True,False,False,NAO_CONSOLIDADA,NAO_DEFINIDA
despesa_auto_00163,2026-12-04,Faxina Rosa,950.0,Lote 7000 nov.,Lote 7000 nov.,Lote 7000 nov.,sem_switching,sem_switching,sim,sim,sim,0.0,300.0,300.0,não,não,True,False,False,False,False,False,False,False,True,True,False,False,NAO_CONSOLIDADA,NAO_DEFINIDA
despesa_auto_00164,2026-12-07,Cemig SIM,195.0,Lote 7000 nov.,Lote 7000 nov.,Lote 7000 nov.,sem_switching,sem_switching,sim,sim,sim,0.0,105.0,105.0,não,não,True,False,False,False,False,False,False,False,True,True,False,False,NAO_CONSOLIDADA,NAO_DEFINIDA
despesa_auto_00165,2026-12-08,Claro,120.0,saldo_disponivel_geral,saldo_disponivel_geral,saldo_disponivel_geral,sem_switching,sem_switching,sim,sim,sim,0.0,90875.1,90875.1,não,não,True,False,False,False,False,False,False,False,True,True,False,False,NAO_CONSOLIDADA,NAO_DEFINIDA
despesa_auto_00166,2026-12-09,Pelada,50.0,Lote 5680 jul.,Lote 5680 jul.,Lote 5680 jul.,sem_switching,sem_switching,sim,sim,sim,0.0,6.63,6.63,não,não,True,False,False,False,False,False,False,False,True,True,False,False,NAO_CONSOLIDADA,NAO_DEFINIDA
despesa_auto_00167,2026-12-09,Tratamento Lara,530.0,Lote 8500 mar.,Lote 8500 mar.,Lote 8500 mar.,sem_switching,sem_switching,sim,sim,sim,0.0,1019.75,1019.75,não,não,True,False,False,False,False,False,False,False,True,True,False,False,NAO_CONSOLIDADA,NAO_DEFINIDA
despesa_auto_00168,2026-12-10,Ginástica Biola,65.0,Lote 7000 nov.,Lote 7000 nov.,Lote 7000 nov.,sem_switching,sem_switching,sim,sim,sim,0.0,40.0,40.0,não,não,True,False,False,False,False,False,False,False,True,True,False,False,NAO_CONSOLIDADA,NAO_DEFINIDA
despesa_auto_00169,2026-12-11,Aluguel,981.95,Lote 5680 dez.,Lote 5680 dez.,Lote 5680 dez.,sem_switching,sem_switching,sim,sim,sim,0.0,4698.05,4698.05,não,não,True,False,False,False,False,False,False,False,True,True,False,False,NAO_CONSOLIDADA,NAO_DEFINIDA
despesa_auto_00170,2026-12-11,Cemig,95.12,saldo_disponivel_geral,saldo_disponivel_geral,saldo_disponivel_geral,sem_switching,sem_switching,sim,sim,sim,0.0,90779.98,90779.98,não,não,True,False,False,False,False,False,False,False,True,True,False,False,NAO_CONSOLIDADA,NAO_DEFINIDA
despesa_auto_00171,2026-12-11,Escola,2831.4,Lote 5680 nov.,Lote 5680 nov.,Lote 5680 nov.,sem_switching,sem_switching,sim,sim,sim,0.0,968.6,968.6,não,não,True,False,False,False,False,False,False,False,True,True,False,False,NAO_CONSOLIDADA,NAO_DEFINIDA
despesa_auto_00172,2026-12-11,Rematricula,2900.0,Lote 5680 dez.,Lote 5680 dez.,Lote 5680 dez.,sem_switching,sem_switching,sim,sim,sim,0.0,1798.05,1798.05,não,não,True,False,False,False,False,False,False,False,True,True,False,False,NAO_CONSOLIDADA,NAO_DEFINIDA
despesa_auto_00173,2026-12-12,Internet,132.4,Lote 3000 mar. B,Lote 3000 mar. B,Lote 3000 mar. B,sem_switching,sem_switching,sim,sim,sim,0.0,417.47,417.47,não,não,True,False,False,False,False,False,False,False,True,True,False,False,NAO_CONSOLIDADA,NAO_DEFINIDA
despesa_auto_00174,2026-12-20,Cartão Azul,6250.0,Lote 7000 dez.,Lote 7000 dez.,Lote 7000 dez.,sem_switching,sem_switching,sim,sim,sim,0.0,750.0,750.0,não,não,True,False,False,False,False,False,False,False,True,True,False,False,NAO_CONSOLIDADA,NAO_DEFINIDA
despesa_auto_00175,2026-12-21,Condomínio,113.31,saldo_disponivel_geral,saldo_disponivel_geral,saldo_disponivel_geral,sem_switching,sem_switching,sim,sim,sim,0.0,90666.67,90666.67,não,não,True,False,False,False,False,False,False,False,True,True,False,False,NAO_CONSOLIDADA,NAO_DEFINIDA
despesa_auto_00176,2027-01-04,Cartão NU,2000.0,Lote 5680 set.,Lote 5680 set.,Lote 5680 set.,sem_switching,sem_switching,sim,sim,sim,0.0,3680.0,3680.0,não,não,True,False,False,False,False,False,False,False,True,True,False,False,NAO_CONSOLIDADA,NAO_DEFINIDA
despesa_auto_00177,2027-01-06,Cemig SIM,281.1,Lote 7000 dez.,Lote 7000 dez.,Lote 7000 dez.,sem_switching,sem_switching,sim,sim,sim,0.0,468.9,468.9,não,não,True,False,False,False,False,False,False,False,True,True,False,False,NAO_CONSOLIDADA,NAO_DEFINIDA
despesa_auto_00178,2027-01-06,Faxina Rosa,950.0,Lote 5680 nov.,Lote 5680 nov.,Lote 5680 nov.,sem_switching,sem_switching,sim,sim,sim,0.0,18.6,18.6,não,não,True,False,False,False,False,False,False,False,True,True,False,False,NAO_CONSOLIDADA,NAO_DEFINIDA
despesa_auto_00179,2027-01-08,Claro,120.0,Lote 7000 dez.,Lote 7000 dez.,Lote 7000 dez.,sem_switching,sem_switching,sim,sim,sim,0.0,348.9,348.9,não,não,True,False,False,False,False,False,False,False,True,True,False,False,NAO_CONSOLIDADA,NAO_DEFINIDA
despesa_auto_00180,2027-01-10,Ginástica Biola,65.0,Lote 8500 mar.,Lote 8500 mar.,Lote 8500 mar.,sem_switching,sem_switching,sim,sim,sim,0.0,965.09,965.09,não,não,True,False,False,False,False,False,False,False,True,True,False,False,NAO_CONSOLIDADA,NAO_DEFINIDA
despesa_auto_00181,2027-01-11,Cemig,105.37,Lote 7000 dez.,Lote 7000 dez.,Lote 7000 dez.,sem_switching,sem_switching,sim,sim,sim,0.0,243.53,243.53,não,não,True,False,False,False,False,False,False,False,True,True,False,False,NAO_CONSOLIDADA,NAO_DEFINIDA
despesa_auto_00182,2027-01-12,Aluguel,983.13,Lote 5680 abr.,Lote 5680 abr.,Lote 5680 abr.,sem_switching,sem_switching,sim,sim,sim,0.0,1275.36,1275.36,não,não,True,False,False,False,False,False,False,False,True,True,False,False,NAO_CONSOLIDADA,NAO_DEFINIDA
despesa_auto_00183,2027-01-13,Pelada,50.0,Lote 7000 dez.,Lote 7000 dez.,Lote 7000 dez.,sem_switching,sem_switching,sim,sim,sim,0.0,193.53,193.53,não,não,True,False,False,False,False,False,False,False,True,True,False,False,NAO_CONSOLIDADA,NAO_DEFINIDA
despesa_auto_00184,2027-01-16,Internet,135.89,Lote 7000 dez.,Lote 7000 dez.,Lote 7000 dez.,sem_switching,sem_switching,sim,sim,sim,0.0,57.64,57.64,não,não,True,False,False,False,False,False,False,False,True,True,False,False,NAO_CONSOLIDADA,NAO_DEFINIDA
despesa_auto_00185,2027-01-20,Cartão Azul,7796.0,saldo_disponivel_geral,saldo_disponivel_geral,saldo_disponivel_geral,sem_switching,sem_switching,sim,sim,sim,0.0,95448.31,95448.31,não,não,True,False,False,False,False,False,False,False,True,True,False,False,NAO_CONSOLIDADA,NAO_DEFINIDA
despesa_auto_00186,2027-01-20,Condomínio,102.36,saldo_disponivel_geral,saldo_disponivel_geral,saldo_disponivel_geral,sem_switching,sem_switching,sim,sim,sim,0.0,103244.31,103244.31,não,não,True,False,False,False,False,False,False,False,True,True,False,False,NAO_CONSOLIDADA,NAO_DEFINIDA
despesa_auto_00187,2027-02-02,Cartão NU,1800.0,Lote 5680 set.,Lote 5680 set.,Lote 5680 set.,sem_switching,sem_switching,sim,sim,sim,0.0,1880.0,1880.0,não,não,True,False,False,False,False,False,False,False,True,True,False,False,NAO_CONSOLIDADA,NAO_DEFINIDA
despesa_auto_00188,2027-02-04,Cemig SIM,195.05,Lote 5680 out.,Lote 5680 out.,Lote 5680 out.,sem_switching,sem_switching,sim,sim,sim,0.0,689.65,689.65,não,não,True,False,False,False,False,False,False,False,True,True,False,False,NAO_CONSOLIDADA,NAO_DEFINIDA
despesa_auto_00189,2027-02-04,Faxina Rosa,950.0,Lote 8500 mar.,Lote 8500 mar.,Lote 8500 mar.,sem_switching,sem_switching,sim,sim,sim,0.0,1.42,1.42,não,não,True,False,False,False,False,False,False,False,True,True,False,False,NAO_CONSOLIDADA,NAO_DEFINIDA
despesa_auto_00190,2027-02-08,Claro,120.0,Lote 5680 out.,Lote 5680 out.,Lote 5680 out.,sem_switching,sem_switching,sim,sim,sim,0.0,569.65,569.65,não,não,True,False,False,False,False,False,False,False,True,True,False,False,NAO_CONSOLIDADA,NAO_DEFINIDA
despesa_auto_00191,2027-02-10,Ginástica Biola,65.0,Lote 3000 mar. V,Lote 3000 mar. V,Lote 3000 mar. V,sem_switching,sem_switching,sim,sim,sim,38.68,3301.43,3301.43,não,não,True,False,False,False,False,False,False,False,True,True,False,False,NAO_CONSOLIDADA,NAO_DEFINIDA
despesa_auto_00192,2027-02-10,Pelada,50.0,Lote 7000 dez.,Lote 7000 dez.,Lote 7000 dez.,sem_switching,sem_switching,sim,sim,sim,0.0,7.64,7.64,não,não,True,False,False,False,False,False,False,False,True,True,False,False,NAO_CONSOLIDADA,NAO_DEFINIDA
despesa_auto_00193,2027-02-10,Tratamento Lara,530.0,Lote 5680 out.,Lote 5680 out.,Lote 5680 out.,sem_switching,sem_switching,sim,sim,sim,0.0,39.65,39.65,não,não,True,False,False,False,False,False,False,False,True,True,False,False,NAO_CONSOLIDADA,NAO_DEFINIDA
despesa_auto_00194,2027-02-11,Cemig,95.12,saldo_disponivel_geral,saldo_disponivel_geral,saldo_disponivel_geral,sem_switching,sem_switching,sim,sim,sim,0.0,108033.19,108033.19,não,não,True,False,False,False,False,False,False,False,True,True,False,False,NAO_CONSOLIDADA,NAO_DEFINIDA
despesa_auto_00195,2027-02-12,Aluguel,981.95,Lote 5680 abr.,Lote 5680 abr.,Lote 5680 abr.,sem_switching,sem_switching,sim,sim,sim,0.0,284.51,284.51,não,não,True,False,False,False,False,False,False,False,True,True,False,False,NAO_CONSOLIDADA,NAO_DEFINIDA
despesa_auto_00196,2027-02-12,IPVA,1407.65,Lote 5680 dez.,Lote 5680 dez.,Lote 5680 dez.,sem_switching,sem_switching,sim,sim,sim,0.0,390.4,390.4,não,não,True,False,False,False,False,False,False,False,True,True,False,False,NAO_CONSOLIDADA,NAO_DEFINIDA
despesa_auto_00197,2027-02-15,Internet,132.4,Lote 5680 dez.,Lote 5680 dez.,Lote 5680 dez.,sem_switching,sem_switching,sim,sim,sim,0.0,258.0,258.0,não,não,True,False,False,False,False,False,False,False,True,True,False,False,NAO_CONSOLIDADA,NAO_DEFINIDA
despesa_auto_00198,2027-02-19,Cartão Azul,6004.07,Lote 7000 fev.,Lote 7000 fev.,Lote 7000 fev.,sem_switching,sem_switching,sim,sim,sim,0.0,995.93,995.93,não,não,True,False,False,False,False,False,False,False,True,True,False,False,NAO_CONSOLIDADA,NAO_DEFINIDA
despesa_auto_00199,2027-02-19,Condomínio,113.31,Lote 5680 dez.,Lote 5680 dez.,Lote 5680 dez.,sem_switching,sem_switching,sim,sim,sim,0.0,144.69,144.69,não,não,True,False,False,False,False,False,False,False,True,True,False,False,NAO_CONSOLIDADA,NAO_DEFINIDA
despesa_auto_00200,2027-02-19,Escola,2831.4,Lote 5680 fev.,Lote 5680 fev.,Lote 5680 fev.,sem_switching,sem_switching,sim,sim,sim,0.0,2848.6,2848.6,não,não,True,False,False,False,False,False,False,False,True,True,False,False,NAO_CONSOLIDADA,NAO_DEFINIDA
despesa_auto_00201,2027-02-19,Material,460.0,Lote 7000 fev.,Lote 7000 fev.,Lote 7000 fev.,sem_switching,sem_switching,sim,sim,sim,0.0,535.93,535.93,não,não,True,False,False,False,False,False,False,False,True,True,False,False,NAO_CONSOLIDADA,NAO_DEFINIDA
despesa_auto_00202,2027-03-02,Cartão NU,1771.95,Lote 3000 mar. V,Lote 3000 mar. V,Lote 3000 mar. V,sem_switching,sem_switching,sim,sim,sim,0.0,1499.99,1499.99,não,não,True,False,False,False,False,False,False,False,True,True,False,False,NAO_CONSOLIDADA,NAO_DEFINIDA
despesa_auto_00203,2027-03-05,Claro Biola,64.89,Lote 5680 dez.,Lote 5680 dez.,Lote 5680 dez.,sem_switching,sem_switching,sim,sim,sim,0.0,79.8,79.8,não,não,True,False,False,False,False,False,False,False,True,True,False,False,NAO_CONSOLIDADA,NAO_DEFINIDA
despesa_auto_00204,2027-03-05,Spotify e presente Gi,141.8,Lote 7000 fev.,Lote 7000 fev.,Lote 7000 fev.,sem_switching,sem_switching,sim,sim,sim,0.0,394.13,394.13,não,não,True,False,False,False,False,False,False,False,True,True,False,False,NAO_CONSOLIDADA,NAO_DEFINIDA
despesa_auto_00205,2027-03-06,Cemig SIM,136.15,Lote 7000 fev.,Lote 7000 fev.,Lote 7000 fev.,sem_switching,sem_switching,sim,sim,sim,0.0,257.98,257.98,não,não,True,False,False,False,False,False,False,False,True,True,False,False,NAO_CONSOLIDADA,NAO_DEFINIDA
despesa_auto_00206,2027-03-06,Faxina Rosa,800.0,Lote 3000 mar. V,Lote 3000 mar. V,Lote 3000 mar. V,sem_switching,sem_switching,sim,sim,sim,0.0,665.27,665.27,não,não,True,False,False,False,False,False,False,False,True,True,False,False,NAO_CONSOLIDADA,NAO_DEFINIDA
despesa_auto_00207,2027-03-09,Claro Velti,57.89,Lote 5680 dez.,Lote 5680 dez.,Lote 5680 dez.,sem_switching,sem_switching,sim,sim,sim,0.0,21.91,21.91,não,não,True,False,False,False,False,False,False,False,True,True,False,False,NAO_CONSOLIDADA,NAO_DEFINIDA
despesa_auto_00208,2027-03-10,Cartão PS,1336.73,Lote 5680 set.,Lote 5680 set.,Lote 5680 set.,sem_switching,sem_switching,sim,sim,sim,0.0,543.27,543.27,não,não,True,False,False,False,False,False,False,False,True,True,False,False,NAO_CONSOLIDADA,NAO_DEFINIDA
despesa_auto_00209,2027-03-10,Ginástica Biola,65.0,Lote 7000 fev.,Lote 7000 fev.,Lote 7000 fev.,sem_switching,sem_switching,sim,sim,sim,0.0,192.98,192.98,não,não,True,False,False,False,False,False,False,False,True,True,False,False,NAO_CONSOLIDADA,NAO_DEFINIDA
despesa_auto_00210,2027-03-11,Cemig,86.15,Lote 7000 fev.,Lote 7000 fev.,Lote 7000 fev.,sem_switching,sem_switching,sim,sim,sim,0.0,106.83,106.83,não,não,True,False,False,False,False,False,False,False,True,True,False,False,NAO_CONSOLIDADA,NAO_DEFINIDA
despesa_auto_00211,2027-03-11,Pelada,50.0,Lote 7000 fev.,Lote 7000 fev.,Lote 7000 fev.,sem_switching,sem_switching,sim,sim,sim,0.0,56.83,56.83,não,não,True,False,False,False,False,False,False,False,True,True,False,False,NAO_CONSOLIDADA,NAO_DEFINIDA
despesa_auto_00212,2027-03-12,Aluguel,981.22,Lote 5680 jan.,Lote 5680 jan.,Lote 5680 jan.,sem_switching,sem_switching,sim,sim,sim,0.0,4698.78,4698.78,não,não,True,False,False,False,False,False,False,False,True,True,False,False,NAO_CONSOLIDADA,NAO_DEFINIDA
despesa_auto_00213,2027-03-12,Escola,2831.4,Lote 5680 fev.,Lote 5680 fev.,Lote 5680 fev.,sem_switching,sem_switching,sim,sim,sim,0.0,17.2,17.2,não,não,True,False,False,False,False,False,False,False,True,True,False,False,NAO_CONSOLIDADA,NAO_DEFINIDA
despesa_auto_00214,2027-03-16,Internet,132.4,Lote 5680 set.,Lote 5680 set.,Lote 5680 set.,sem_switching,sem_switching,sim,sim,sim,0.0,410.87,410.87,não,não,True,False,False,False,False,False,False,False,True,True,False,False,NAO_CONSOLIDADA,NAO_DEFINIDA
despesa_auto_00215,2027-03-20,Cartão Azul,7494.55,saldo_disponivel_geral,saldo_disponivel_geral,saldo_disponivel_geral,sem_switching,sem_switching,sim,sim,sim,0.0,113218.64,113218.64,não,não,True,False,False,False,False,False,False,False,True,True,False,False,NAO_CONSOLIDADA,NAO_DEFINIDA
despesa_auto_00216,2027-03-20,Condomínio,87.84,Lote 5680 set.,Lote 5680 set.,Lote 5680 set.,sem_switching,sem_switching,sim,sim,sim,0.0,323.03,323.03,não,não,True,False,False,False,False,False,False,False,True,True,False,False,NAO_CONSOLIDADA,NAO_DEFINIDA
despesa_auto_00217,2027-03-31,Licenciamento,35.62,Lote 3000 mar. V,Lote 3000 mar. V,Lote 3000 mar. V,sem_switching,sem_switching,sim,sim,sim,0.0,643.1,643.1,não,não,True,False,False,False,False,False,False,False,True,True,False,False,NAO_CONSOLIDADA,NAO_DEFINIDA
