arquivo,nome,categoria_preliminar,referencias_operacionais_reais,referencias_diagnostico_wrappers,referencias_ignoradas_documentais_historicas,classe_refinada,acao_refinada,exemplos_operacionais,exemplos_diagnostico
scripts\diagnostico\consolidar_grade_diaria_hibrida_v133.py,consolidar_grade_diaria_hibrida_v133.py,diagnostico_historico_antigo,0,0,17,SEM_REFERENCIA_OPERACIONAL_REAL,candidato_remocao_refinada,,
scripts\diagnostico\consolidar_grade_diaria_hibrida_v134.py,consolidar_grade_diaria_hibrida_v134.py,diagnostico_historico_antigo,0,0,17,SEM_REFERENCIA_OPERACIONAL_REAL,candidato_remocao_refinada,,
scripts\diagnostico\consolidar_grade_diaria_hibrida_v136.py,consolidar_grade_diaria_hibrida_v136.py,diagnostico_historico_antigo,0,0,19,SEM_REFERENCIA_OPERACIONAL_REAL,candidato_remocao_refinada,,
scripts\diagnostico\consolidar_grade_diaria_parametrizada_v130.py,consolidar_grade_diaria_parametrizada_v130.py,diagnostico_historico_antigo,0,0,17,SEM_REFERENCIA_OPERACIONAL_REAL,candidato_remocao_refinada,,
scripts\diagnostico\consolidar_grade_diaria_switching_v126.py,consolidar_grade_diaria_switching_v126.py,diagnostico_historico_antigo,0,0,17,SEM_REFERENCIA_OPERACIONAL_REAL,candidato_remocao_refinada,,
scripts\diagnostico\consolidar_grade_diaria_switching_v127.py,consolidar_grade_diaria_switching_v127.py,diagnostico_historico_antigo,0,0,17,SEM_REFERENCIA_OPERACIONAL_REAL,candidato_remocao_refinada,,
scripts\diagnostico\consolidar_grade_diaria_switching_v128.py,consolidar_grade_diaria_switching_v128.py,diagnostico_historico_antigo,0,0,17,SEM_REFERENCIA_OPERACIONAL_REAL,candidato_remocao_refinada,,
scripts\diagnostico\inspecionar_alocador_pagamentos_terminal_v137.py,inspecionar_alocador_pagamentos_terminal_v137.py,diagnostico_historico_intermediario,0,0,17,SEM_REFERENCIA_OPERACIONAL_REAL,candidato_remocao_refinada,,
scripts\diagnostico\inspecionar_alocador_pagamentos_terminal_v141.py,inspecionar_alocador_pagamentos_terminal_v141.py,diagnostico_historico_intermediario,0,0,17,SEM_REFERENCIA_OPERACIONAL_REAL,candidato_remocao_refinada,,
scripts\diagnostico\inspecionar_ativacao_lotes_nao_aportados_futuros_v136.py,inspecionar_ativacao_lotes_nao_aportados_futuros_v136.py,diagnostico_historico_antigo,0,0,19,SEM_REFERENCIA_OPERACIONAL_REAL,candidato_remocao_refinada,,
scripts\diagnostico\inspecionar_auditoria_3k_mar_pos_pagamento_v147.py,inspecionar_auditoria_3k_mar_pos_pagamento_v147.py,diagnostico_historico_intermediario,0,1,22,AVALIAR_REFERENCIA_DIAGNOSTICA_WRAPPER,avaliar_wrapper_antes_de_remover,,scripts/diagnostico/temporal_decisao/README.md:22:- `inspecionar_auditoria_3k_mar_pos_pagamento_v147.py`
scripts\diagnostico\inspecionar_auditoria_cirurgica_bloco_8500_picpay_v131.py,inspecionar_auditoria_cirurgica_bloco_8500_picpay_v131.py,diagnostico_historico_antigo,0,0,17,SEM_REFERENCIA_OPERACIONAL_REAL,candidato_remocao_refinada,,
scripts\diagnostico\inspecionar_chave_tau_v149.py,inspecionar_chave_tau_v149.py,diagnostico_historico_intermediario,0,1,22,AVALIAR_REFERENCIA_DIAGNOSTICA_WRAPPER,avaliar_wrapper_antes_de_remover,,scripts/diagnostico/temporal_decisao/README.md:24:- `inspecionar_chave_tau_v149.py`
scripts\diagnostico\inspecionar_comparador_hibrido_switching_v132.py,inspecionar_comparador_hibrido_switching_v132.py,diagnostico_historico_antigo,0,0,17,SEM_REFERENCIA_OPERACIONAL_REAL,candidato_remocao_refinada,,
scripts\diagnostico\inspecionar_contrato_v117.py,inspecionar_contrato_v117.py,diagnostico_historico_antigo,0,0,12,SEM_REFERENCIA_OPERACIONAL_REAL,candidato_remocao_refinada,,
scripts\diagnostico\inspecionar_correcao_flattening_v148.py,inspecionar_correcao_flattening_v148.py,diagnostico_historico_intermediario,0,1,22,AVALIAR_REFERENCIA_DIAGNOSTICA_WRAPPER,avaliar_wrapper_antes_de_remover,,scripts/diagnostico/temporal_decisao/README.md:23:- `inspecionar_correcao_flattening_v148.py`
scripts\diagnostico\inspecionar_fluxo_pagamentos_terminal_recorte_amplo_v142.py,inspecionar_fluxo_pagamentos_terminal_recorte_amplo_v142.py,diagnostico_historico_intermediario,0,0,17,SEM_REFERENCIA_OPERACIONAL_REAL,candidato_remocao_refinada,,
scripts\diagnostico\inspecionar_fluxo_pagamentos_terminal_recorte_curto_v138.py,inspecionar_fluxo_pagamentos_terminal_recorte_curto_v138.py,diagnostico_historico_intermediario,0,0,17,SEM_REFERENCIA_OPERACIONAL_REAL,candidato_remocao_refinada,,
scripts\diagnostico\inspecionar_grade_diaria_hibrida_v133.py,inspecionar_grade_diaria_hibrida_v133.py,diagnostico_historico_antigo,0,0,17,SEM_REFERENCIA_OPERACIONAL_REAL,candidato_remocao_refinada,,
scripts\diagnostico\inspecionar_grade_diaria_hibrida_v134.py,inspecionar_grade_diaria_hibrida_v134.py,diagnostico_historico_antigo,0,0,17,SEM_REFERENCIA_OPERACIONAL_REAL,candidato_remocao_refinada,,
scripts\diagnostico\inspecionar_grade_diaria_hibrida_v136.py,inspecionar_grade_diaria_hibrida_v136.py,diagnostico_historico_antigo,0,0,19,SEM_REFERENCIA_OPERACIONAL_REAL,candidato_remocao_refinada,,
scripts\diagnostico\inspecionar_grade_diaria_parametrizada_v130.py,inspecionar_grade_diaria_parametrizada_v130.py,diagnostico_historico_antigo,0,0,17,SEM_REFERENCIA_OPERACIONAL_REAL,candidato_remocao_refinada,,
scripts\diagnostico\inspecionar_grade_diaria_switching_v126.py,inspecionar_grade_diaria_switching_v126.py,diagnostico_historico_antigo,0,0,17,SEM_REFERENCIA_OPERACIONAL_REAL,candidato_remocao_refinada,,
scripts\diagnostico\inspecionar_grade_diaria_switching_v127.py,inspecionar_grade_diaria_switching_v127.py,diagnostico_historico_antigo,0,0,17,SEM_REFERENCIA_OPERACIONAL_REAL,candidato_remocao_refinada,,
scripts\diagnostico\inspecionar_integracao_funcional_minima_v117.py,inspecionar_integracao_funcional_minima_v117.py,diagnostico_historico_antigo,0,0,19,SEM_REFERENCIA_OPERACIONAL_REAL,candidato_remocao_refinada,,
scripts\diagnostico\inspecionar_motor_diario_conjunto_experimental_v143.py,inspecionar_motor_diario_conjunto_experimental_v143.py,diagnostico_historico_intermediario,0,1,22,AVALIAR_REFERENCIA_DIAGNOSTICA_WRAPPER,avaliar_wrapper_antes_de_remover,,scripts/diagnostico/temporal_decisao/README.md:13:- `inspecionar_motor_diario_conjunto_experimental_v143.py`
scripts\diagnostico\inspecionar_motor_diario_conjunto_experimental_v144.py,inspecionar_motor_diario_conjunto_experimental_v144.py,diagnostico_historico_intermediario,0,1,22,AVALIAR_REFERENCIA_DIAGNOSTICA_WRAPPER,avaliar_wrapper_antes_de_remover,,scripts/diagnostico/temporal_decisao/README.md:14:- `inspecionar_motor_diario_conjunto_experimental_v144.py`
scripts\diagnostico\inspecionar_motor_diario_pos_vencimento_v146.py,inspecionar_motor_diario_pos_vencimento_v146.py,diagnostico_historico_intermediario,0,1,22,AVALIAR_REFERENCIA_DIAGNOSTICA_WRAPPER,avaliar_wrapper_antes_de_remover,,scripts/diagnostico/temporal_decisao/README.md:15:- `inspecionar_motor_diario_pos_vencimento_v146.py`
scripts\diagnostico\inspecionar_parametros_produtos_switching_v129.py,inspecionar_parametros_produtos_switching_v129.py,diagnostico_historico_antigo,0,0,17,SEM_REFERENCIA_OPERACIONAL_REAL,candidato_remocao_refinada,,
scripts\diagnostico\inspecionar_planejador_switching_temporal_horizonte_longo_v122.py,inspecionar_planejador_switching_temporal_horizonte_longo_v122.py,diagnostico_historico_antigo,0,0,19,SEM_REFERENCIA_OPERACIONAL_REAL,candidato_remocao_refinada,,
scripts\diagnostico\inspecionar_ranking_carteira_estabilizado_v123.py,inspecionar_ranking_carteira_estabilizado_v123.py,diagnostico_historico_antigo,0,1,12,AVALIAR_REFERENCIA_DIAGNOSTICA_WRAPPER,avaliar_wrapper_antes_de_remover,,scripts/diagnostico/verificar_release_baseline.py:168:    ranking = base / 'scripts' / 'diagnostico' / 'inspecionar_ranking_carteira_estabilizado_v123.py'
scripts\diagnostico\inspecionar_simulacao_central_controlada_horizonte_longo_v124.py,inspecionar_simulacao_central_controlada_horizonte_longo_v124.py,diagnostico_historico_antigo,0,0,17,SEM_REFERENCIA_OPERACIONAL_REAL,candidato_remocao_refinada,,
scripts\diagnostico\run_v150_multi.py,run_v150_multi.py,diagnostico_historico_intermediario,0,1,22,AVALIAR_REFERENCIA_DIAGNOSTICA_WRAPPER,avaliar_wrapper_antes_de_remover,,scripts/diagnostico/temporal_decisao/README.md:16:- `run_v150_multi.py`
