arquivo,nome,categoria_preliminar,referencias_encontradas_fora_do_proprio_arquivo,exemplos_referencias
scripts\diagnostico\consolidar_grade_diaria_hibrida_v133.py,consolidar_grade_diaria_hibrida_v133.py,diagnostico_historico_antigo,14,"scripts/diagnostico/consolidar_grade_diaria_hibrida_v133.py:4:    scripts/historico_saida_propria_v203/diagnostico_original/consolidar_grade_diaria_hibrida_v133.py || scripts/historico_saida_propria_v203/diagnostico_original/consolidar_grade_diaria_hibrida_v133.py:5:    ""Arquivo: scripts/historico_saida_propria_v203/diagnostico_original/consolidar_grade_diaria_hibrida_v133.py. Use scripts operacionais/diagnosticos vigentes e nucleo.saida_canonica."" || relatorios/atuais/INVENTARIO_RASTREADO_POS_LIMPEZA.md:589:scripts/diagnostico/consolidar_grade_diaria_hibrida_v133.py || relatorios/atuais/INVENTARIO_RASTREADO_POS_LIMPEZA.md:674:scripts/historico_raiz/consolidar_grade_diaria_hibrida_v133.py || relatorios/atuais/INVENTARIO_RASTREADO_POS_LIMPEZA.md:737:scripts/historico_saida_propria_v203/diagnostico_original/consolidar_grade_diaria_hibrida_v133.py"
scripts\diagnostico\consolidar_grade_diaria_hibrida_v134.py,consolidar_grade_diaria_hibrida_v134.py,diagnostico_historico_antigo,14,"scripts/diagnostico/consolidar_grade_diaria_hibrida_v134.py:4:    scripts/historico_saida_propria_v203/diagnostico_original/consolidar_grade_diaria_hibrida_v134.py || scripts/historico_saida_propria_v203/diagnostico_original/consolidar_grade_diaria_hibrida_v134.py:5:    ""Arquivo: scripts/historico_saida_propria_v203/diagnostico_original/consolidar_grade_diaria_hibrida_v134.py. Use scripts operacionais/diagnosticos vigentes e nucleo.saida_canonica."" || relatorios/atuais/INVENTARIO_RASTREADO_POS_LIMPEZA.md:590:scripts/diagnostico/consolidar_grade_diaria_hibrida_v134.py || relatorios/atuais/INVENTARIO_RASTREADO_POS_LIMPEZA.md:675:scripts/historico_raiz/consolidar_grade_diaria_hibrida_v134.py || relatorios/atuais/INVENTARIO_RASTREADO_POS_LIMPEZA.md:738:scripts/historico_saida_propria_v203/diagnostico_original/consolidar_grade_diaria_hibrida_v134.py"
scripts\diagnostico\consolidar_grade_diaria_hibrida_v136.py,consolidar_grade_diaria_hibrida_v136.py,diagnostico_historico_antigo,16,"scripts/diagnostico/consolidar_grade_diaria_hibrida_v136.py:4:    scripts/historico_saida_propria_v203/diagnostico_original/consolidar_grade_diaria_hibrida_v136.py || scripts/historico_saida_propria_v203/diagnostico_original/consolidar_grade_diaria_hibrida_v136.py:5:    ""Arquivo: scripts/historico_saida_propria_v203/diagnostico_original/consolidar_grade_diaria_hibrida_v136.py. Use scripts operacionais/diagnosticos vigentes e nucleo.saida_canonica."" || relatorios/atuais/INVENTARIO_RASTREADO_POS_LIMPEZA.md:591:scripts/diagnostico/consolidar_grade_diaria_hibrida_v136.py || relatorios/atuais/INVENTARIO_RASTREADO_POS_LIMPEZA.md:676:scripts/historico_raiz/consolidar_grade_diaria_hibrida_v136.py || relatorios/atuais/INVENTARIO_RASTREADO_POS_LIMPEZA.md:739:scripts/historico_saida_propria_v203/diagnostico_original/consolidar_grade_diaria_hibrida_v136.py"
scripts\diagnostico\consolidar_grade_diaria_parametrizada_v130.py,consolidar_grade_diaria_parametrizada_v130.py,diagnostico_historico_antigo,14,"scripts/diagnostico/consolidar_grade_diaria_parametrizada_v130.py:4:    scripts/historico_saida_propria_v203/diagnostico_original/consolidar_grade_diaria_parametrizada_v130.py || scripts/historico_saida_propria_v203/diagnostico_original/consolidar_grade_diaria_parametrizada_v130.py:5:    ""Arquivo: scripts/historico_saida_propria_v203/diagnostico_original/consolidar_grade_diaria_parametrizada_v130.py. Use scripts operacionais/diagnosticos vigentes e nucleo.saida_canonica."" || relatorios/atuais/INVENTARIO_RASTREADO_POS_LIMPEZA.md:592:scripts/diagnostico/consolidar_grade_diaria_parametrizada_v130.py || relatorios/atuais/INVENTARIO_RASTREADO_POS_LIMPEZA.md:677:scripts/historico_raiz/consolidar_grade_diaria_parametrizada_v130.py || relatorios/atuais/INVENTARIO_RASTREADO_POS_LIMPEZA.md:740:scripts/historico_saida_propria_v203/diagnostico_original/consolidar_grade_diaria_parametrizada_v130.py"
scripts\diagnostico\consolidar_grade_diaria_switching_v126.py,consolidar_grade_diaria_switching_v126.py,diagnostico_historico_antigo,14,"scripts/diagnostico/consolidar_grade_diaria_switching_v126.py:4:    scripts/historico_saida_propria_v203/diagnostico_original/consolidar_grade_diaria_switching_v126.py || scripts/historico_saida_propria_v203/diagnostico_original/consolidar_grade_diaria_switching_v126.py:5:    ""Arquivo: scripts/historico_saida_propria_v203/diagnostico_original/consolidar_grade_diaria_switching_v126.py. Use scripts operacionais/diagnosticos vigentes e nucleo.saida_canonica."" || relatorios/atuais/INVENTARIO_RASTREADO_POS_LIMPEZA.md:593:scripts/diagnostico/consolidar_grade_diaria_switching_v126.py || relatorios/atuais/INVENTARIO_RASTREADO_POS_LIMPEZA.md:678:scripts/historico_raiz/consolidar_grade_diaria_switching_v126.py || relatorios/atuais/INVENTARIO_RASTREADO_POS_LIMPEZA.md:741:scripts/historico_saida_propria_v203/diagnostico_original/consolidar_grade_diaria_switching_v126.py"
scripts\diagnostico\consolidar_grade_diaria_switching_v127.py,consolidar_grade_diaria_switching_v127.py,diagnostico_historico_antigo,14,"scripts/diagnostico/consolidar_grade_diaria_switching_v127.py:4:    scripts/historico_saida_propria_v203/diagnostico_original/consolidar_grade_diaria_switching_v127.py || scripts/historico_saida_propria_v203/diagnostico_original/consolidar_grade_diaria_switching_v127.py:5:    ""Arquivo: scripts/historico_saida_propria_v203/diagnostico_original/consolidar_grade_diaria_switching_v127.py. Use scripts operacionais/diagnosticos vigentes e nucleo.saida_canonica."" || relatorios/atuais/INVENTARIO_RASTREADO_POS_LIMPEZA.md:594:scripts/diagnostico/consolidar_grade_diaria_switching_v127.py || relatorios/atuais/INVENTARIO_RASTREADO_POS_LIMPEZA.md:679:scripts/historico_raiz/consolidar_grade_diaria_switching_v127.py || relatorios/atuais/INVENTARIO_RASTREADO_POS_LIMPEZA.md:742:scripts/historico_saida_propria_v203/diagnostico_original/consolidar_grade_diaria_switching_v127.py"
scripts\diagnostico\consolidar_grade_diaria_switching_v128.py,consolidar_grade_diaria_switching_v128.py,diagnostico_historico_antigo,14,"scripts/diagnostico/consolidar_grade_diaria_switching_v128.py:4:    scripts/historico_saida_propria_v203/diagnostico_original/consolidar_grade_diaria_switching_v128.py || scripts/historico_saida_propria_v203/diagnostico_original/consolidar_grade_diaria_switching_v128.py:5:    ""Arquivo: scripts/historico_saida_propria_v203/diagnostico_original/consolidar_grade_diaria_switching_v128.py. Use scripts operacionais/diagnosticos vigentes e nucleo.saida_canonica."" || relatorios/atuais/INVENTARIO_RASTREADO_POS_LIMPEZA.md:595:scripts/diagnostico/consolidar_grade_diaria_switching_v128.py || relatorios/atuais/INVENTARIO_RASTREADO_POS_LIMPEZA.md:680:scripts/historico_raiz/consolidar_grade_diaria_switching_v128.py || relatorios/atuais/INVENTARIO_RASTREADO_POS_LIMPEZA.md:743:scripts/historico_saida_propria_v203/diagnostico_original/consolidar_grade_diaria_switching_v128.py"
scripts\diagnostico\inspecionar_alocador_pagamentos_terminal_v137.py,inspecionar_alocador_pagamentos_terminal_v137.py,diagnostico_historico_intermediario,14,"scripts/diagnostico/inspecionar_alocador_pagamentos_terminal_v137.py:4:    scripts/historico_saida_propria_v203/diagnostico_original/inspecionar_alocador_pagamentos_terminal_v137.py || scripts/historico_saida_propria_v203/diagnostico_original/inspecionar_alocador_pagamentos_terminal_v137.py:5:    ""Arquivo: scripts/historico_saida_propria_v203/diagnostico_original/inspecionar_alocador_pagamentos_terminal_v137.py. Use scripts operacionais/diagnosticos vigentes e nucleo.saida_canonica."" || relatorios/atuais/INVENTARIO_RASTREADO_POS_LIMPEZA.md:596:scripts/diagnostico/inspecionar_alocador_pagamentos_terminal_v137.py || relatorios/atuais/INVENTARIO_RASTREADO_POS_LIMPEZA.md:681:scripts/historico_raiz/inspecionar_alocador_pagamentos_terminal_v137.py || relatorios/atuais/INVENTARIO_RASTREADO_POS_LIMPEZA.md:744:scripts/historico_saida_propria_v203/diagnostico_original/inspecionar_alocador_pagamentos_terminal_v137.py"
scripts\diagnostico\inspecionar_alocador_pagamentos_terminal_v141.py,inspecionar_alocador_pagamentos_terminal_v141.py,diagnostico_historico_intermediario,14,"scripts/diagnostico/inspecionar_alocador_pagamentos_terminal_v141.py:4:    scripts/historico_saida_propria_v203/diagnostico_original/inspecionar_alocador_pagamentos_terminal_v141.py || scripts/historico_saida_propria_v203/diagnostico_original/inspecionar_alocador_pagamentos_terminal_v141.py:5:    ""Arquivo: scripts/historico_saida_propria_v203/diagnostico_original/inspecionar_alocador_pagamentos_terminal_v141.py. Use scripts operacionais/diagnosticos vigentes e nucleo.saida_canonica."" || relatorios/atuais/INVENTARIO_RASTREADO_POS_LIMPEZA.md:597:scripts/diagnostico/inspecionar_alocador_pagamentos_terminal_v141.py || relatorios/atuais/INVENTARIO_RASTREADO_POS_LIMPEZA.md:682:scripts/historico_raiz/inspecionar_alocador_pagamentos_terminal_v141.py || relatorios/atuais/INVENTARIO_RASTREADO_POS_LIMPEZA.md:745:scripts/historico_saida_propria_v203/diagnostico_original/inspecionar_alocador_pagamentos_terminal_v141.py"
scripts\diagnostico\inspecionar_ativacao_lotes_nao_aportados_futuros_v136.py,inspecionar_ativacao_lotes_nao_aportados_futuros_v136.py,diagnostico_historico_antigo,16,"scripts/diagnostico/inspecionar_ativacao_lotes_nao_aportados_futuros_v136.py:4:    scripts/historico_saida_propria_v203/diagnostico_original/inspecionar_ativacao_lotes_nao_aportados_futuros_v136.py || scripts/historico_saida_propria_v203/diagnostico_original/inspecionar_ativacao_lotes_nao_aportados_futuros_v136.py:5:    ""Arquivo: scripts/historico_saida_propria_v203/diagnostico_original/inspecionar_ativacao_lotes_nao_aportados_futuros_v136.py. Use scripts operacionais/diagnosticos vigentes e nucleo.saida_canonica."" || relatorios/atuais/INVENTARIO_RASTREADO_POS_LIMPEZA.md:599:scripts/diagnostico/inspecionar_ativacao_lotes_nao_aportados_futuros_v136.py || relatorios/atuais/INVENTARIO_RASTREADO_POS_LIMPEZA.md:683:scripts/historico_raiz/inspecionar_ativacao_lotes_nao_aportados_futuros_v136.py || relatorios/atuais/INVENTARIO_RASTREADO_POS_LIMPEZA.md:746:scripts/historico_saida_propria_v203/diagnostico_original/inspecionar_ativacao_lotes_nao_aportados_futuros_v136.py"
scripts\diagnostico\inspecionar_auditoria_3k_mar_pos_pagamento_v147.py,inspecionar_auditoria_3k_mar_pos_pagamento_v147.py,diagnostico_historico_intermediario,20,"scripts/diagnostico/inspecionar_auditoria_3k_mar_pos_pagamento_v147.py:7:    run_module_entrypoint(""scripts.diagnostico.temporal_decisao.valoracao_decisao.inspecionar_auditoria_3k_mar_pos_pagamento_v147"") || scripts/diagnostico/temporal_decisao/README.md:22:- `inspecionar_auditoria_3k_mar_pos_pagamento_v147.py` || scripts/diagnostico/temporal_decisao/valoracao_decisao/inspecionar_auditoria_3k_mar_pos_pagamento_v147.py:4:    scripts/historico_saida_propria_v203/diagnostico_original/temporal_decisao/valoracao_decisao/inspecionar_auditoria_3k_mar_pos_pagamento_v147.py || scripts/historico_saida_propria_v203/diagnostico_original/temporal_decisao/valoracao_decisao/inspecionar_auditoria_3k_mar_pos_pagamento_v147.py:5:    ""Arquivo: scripts/historico_saida_propria_v203/diagnostico_original/temporal_decisao/valoracao_decisao/inspecionar_auditoria_3k_mar_pos_pagamento_v147.py. Use scripts operacionais/diagnosticos vigentes e nucleo.saida_canonica."" || relatorios/atuais/INVENTARIO_RASTREADO_POS_LIMPEZA.md:600:scripts/diagnostico/inspecionar_auditoria_3k_mar_pos_pagamento_v147.py"
scripts\diagnostico\inspecionar_auditoria_cirurgica_bloco_8500_picpay_v131.py,inspecionar_auditoria_cirurgica_bloco_8500_picpay_v131.py,diagnostico_historico_antigo,14,"scripts/diagnostico/inspecionar_auditoria_cirurgica_bloco_8500_picpay_v131.py:4:    scripts/historico_saida_propria_v203/diagnostico_original/inspecionar_auditoria_cirurgica_bloco_8500_picpay_v131.py || scripts/historico_saida_propria_v203/diagnostico_original/inspecionar_auditoria_cirurgica_bloco_8500_picpay_v131.py:5:    ""Arquivo: scripts/historico_saida_propria_v203/diagnostico_original/inspecionar_auditoria_cirurgica_bloco_8500_picpay_v131.py. Use scripts operacionais/diagnosticos vigentes e nucleo.saida_canonica."" || relatorios/atuais/INVENTARIO_RASTREADO_POS_LIMPEZA.md:601:scripts/diagnostico/inspecionar_auditoria_cirurgica_bloco_8500_picpay_v131.py || relatorios/atuais/INVENTARIO_RASTREADO_POS_LIMPEZA.md:685:scripts/historico_raiz/inspecionar_auditoria_cirurgica_bloco_8500_picpay_v131.py || relatorios/atuais/INVENTARIO_RASTREADO_POS_LIMPEZA.md:747:scripts/historico_saida_propria_v203/diagnostico_original/inspecionar_auditoria_cirurgica_bloco_8500_picpay_v131.py"
scripts\diagnostico\inspecionar_chave_tau_v149.py,inspecionar_chave_tau_v149.py,diagnostico_historico_intermediario,20,"scripts/diagnostico/inspecionar_chave_tau_v149.py:7:    run_module_entrypoint(""scripts.diagnostico.temporal_decisao.valoracao_decisao.inspecionar_chave_tau_v149"") || scripts/diagnostico/temporal_decisao/README.md:24:- `inspecionar_chave_tau_v149.py` || scripts/diagnostico/temporal_decisao/valoracao_decisao/inspecionar_chave_tau_v149.py:4:    scripts/historico_saida_propria_v203/diagnostico_original/temporal_decisao/valoracao_decisao/inspecionar_chave_tau_v149.py || scripts/historico_saida_propria_v203/diagnostico_original/temporal_decisao/valoracao_decisao/inspecionar_chave_tau_v149.py:5:    ""Arquivo: scripts/historico_saida_propria_v203/diagnostico_original/temporal_decisao/valoracao_decisao/inspecionar_chave_tau_v149.py. Use scripts operacionais/diagnosticos vigentes e nucleo.saida_canonica."" || relatorios/atuais/INVENTARIO_RASTREADO_POS_LIMPEZA.md:609:scripts/diagnostico/inspecionar_chave_tau_v149.py"
scripts\diagnostico\inspecionar_comparador_hibrido_switching_v132.py,inspecionar_comparador_hibrido_switching_v132.py,diagnostico_historico_antigo,14,"scripts/diagnostico/inspecionar_comparador_hibrido_switching_v132.py:4:    scripts/historico_saida_propria_v203/diagnostico_original/inspecionar_comparador_hibrido_switching_v132.py || scripts/historico_saida_propria_v203/diagnostico_original/inspecionar_comparador_hibrido_switching_v132.py:5:    ""Arquivo: scripts/historico_saida_propria_v203/diagnostico_original/inspecionar_comparador_hibrido_switching_v132.py. Use scripts operacionais/diagnosticos vigentes e nucleo.saida_canonica."" || relatorios/atuais/INVENTARIO_RASTREADO_POS_LIMPEZA.md:610:scripts/diagnostico/inspecionar_comparador_hibrido_switching_v132.py || relatorios/atuais/INVENTARIO_RASTREADO_POS_LIMPEZA.md:694:scripts/historico_raiz/inspecionar_comparador_hibrido_switching_v132.py || relatorios/atuais/INVENTARIO_RASTREADO_POS_LIMPEZA.md:753:scripts/historico_saida_propria_v203/diagnostico_original/inspecionar_comparador_hibrido_switching_v132.py"
scripts\diagnostico\inspecionar_contrato_v117.py,inspecionar_contrato_v117.py,diagnostico_historico_antigo,9,"relatorios/atuais/INVENTARIO_RASTREADO_POS_LIMPEZA.md:615:scripts/diagnostico/inspecionar_contrato_v117.py || relatorios/atuais/INVENTARIO_RASTREADO_POS_LIMPEZA.md:699:scripts/historico_raiz/inspecionar_contrato_v117.py || relatorios/atuais/MAPA_GOVERNANCA_FINAL_SCRIPTS_V204.csv:34:scripts/diagnostico/inspecionar_contrato_v117.py,SEM_CLASSIFICACAO_OPERACIONAL_ATIVA,sem autoridade operacional explicita nesta frente || relatorios/atuais/MAPA_GOVERNANCA_FINAL_SCRIPTS_V204.csv:114:scripts/historico_raiz/inspecionar_contrato_v117.py,HISTORICO_BLOQUEADO_V204,bloqueado; sem autoridade operacional || relatorios/atuais/MAPA_GOVERNANCA_SCRIPTS_V203.csv:65:scripts/diagnostico/inspecionar_contrato_v117.py,MANTER_DOCUMENTADO_SEM_AUTORIDADE_OPERACIONAL,,nao,nao,,""Suporte, auditoria específica ou diagnóstico sem autoridade operacional geral."""
scripts\diagnostico\inspecionar_correcao_flattening_v148.py,inspecionar_correcao_flattening_v148.py,diagnostico_historico_intermediario,20,"scripts/diagnostico/inspecionar_correcao_flattening_v148.py:7:    run_module_entrypoint(""scripts.diagnostico.temporal_decisao.valoracao_decisao.inspecionar_correcao_flattening_v148"") || scripts/diagnostico/temporal_decisao/README.md:23:- `inspecionar_correcao_flattening_v148.py` || scripts/diagnostico/temporal_decisao/valoracao_decisao/inspecionar_correcao_flattening_v148.py:4:    scripts/historico_saida_propria_v203/diagnostico_original/temporal_decisao/valoracao_decisao/inspecionar_correcao_flattening_v148.py || scripts/historico_saida_propria_v203/diagnostico_original/temporal_decisao/valoracao_decisao/inspecionar_correcao_flattening_v148.py:5:    ""Arquivo: scripts/historico_saida_propria_v203/diagnostico_original/temporal_decisao/valoracao_decisao/inspecionar_correcao_flattening_v148.py. Use scripts operacionais/diagnosticos vigentes e nucleo.saida_canonica."" || relatorios/atuais/INVENTARIO_RASTREADO_POS_LIMPEZA.md:616:scripts/diagnostico/inspecionar_correcao_flattening_v148.py"
scripts\diagnostico\inspecionar_fluxo_pagamentos_terminal_recorte_amplo_v142.py,inspecionar_fluxo_pagamentos_terminal_recorte_amplo_v142.py,diagnostico_historico_intermediario,14,"scripts/diagnostico/inspecionar_fluxo_pagamentos_terminal_recorte_amplo_v142.py:4:    scripts/historico_saida_propria_v203/diagnostico_original/inspecionar_fluxo_pagamentos_terminal_recorte_amplo_v142.py || scripts/historico_saida_propria_v203/diagnostico_original/inspecionar_fluxo_pagamentos_terminal_recorte_amplo_v142.py:5:    ""Arquivo: scripts/historico_saida_propria_v203/diagnostico_original/inspecionar_fluxo_pagamentos_terminal_recorte_amplo_v142.py. Use scripts operacionais/diagnosticos vigentes e nucleo.saida_canonica."" || relatorios/atuais/INVENTARIO_RASTREADO_POS_LIMPEZA.md:619:scripts/diagnostico/inspecionar_fluxo_pagamentos_terminal_recorte_amplo_v142.py || relatorios/atuais/INVENTARIO_RASTREADO_POS_LIMPEZA.md:703:scripts/historico_raiz/inspecionar_fluxo_pagamentos_terminal_recorte_amplo_v142.py || relatorios/atuais/INVENTARIO_RASTREADO_POS_LIMPEZA.md:758:scripts/historico_saida_propria_v203/diagnostico_original/inspecionar_fluxo_pagamentos_terminal_recorte_amplo_v142.py"
scripts\diagnostico\inspecionar_fluxo_pagamentos_terminal_recorte_curto_v138.py,inspecionar_fluxo_pagamentos_terminal_recorte_curto_v138.py,diagnostico_historico_intermediario,14,"scripts/diagnostico/inspecionar_fluxo_pagamentos_terminal_recorte_curto_v138.py:4:    scripts/historico_saida_propria_v203/diagnostico_original/inspecionar_fluxo_pagamentos_terminal_recorte_curto_v138.py || scripts/historico_saida_propria_v203/diagnostico_original/inspecionar_fluxo_pagamentos_terminal_recorte_curto_v138.py:5:    ""Arquivo: scripts/historico_saida_propria_v203/diagnostico_original/inspecionar_fluxo_pagamentos_terminal_recorte_curto_v138.py. Use scripts operacionais/diagnosticos vigentes e nucleo.saida_canonica."" || relatorios/atuais/INVENTARIO_RASTREADO_POS_LIMPEZA.md:620:scripts/diagnostico/inspecionar_fluxo_pagamentos_terminal_recorte_curto_v138.py || relatorios/atuais/INVENTARIO_RASTREADO_POS_LIMPEZA.md:704:scripts/historico_raiz/inspecionar_fluxo_pagamentos_terminal_recorte_curto_v138.py || relatorios/atuais/INVENTARIO_RASTREADO_POS_LIMPEZA.md:759:scripts/historico_saida_propria_v203/diagnostico_original/inspecionar_fluxo_pagamentos_terminal_recorte_curto_v138.py"
scripts\diagnostico\inspecionar_grade_diaria_hibrida_v133.py,inspecionar_grade_diaria_hibrida_v133.py,diagnostico_historico_antigo,14,"scripts/diagnostico/inspecionar_grade_diaria_hibrida_v133.py:4:    scripts/historico_saida_propria_v203/diagnostico_original/inspecionar_grade_diaria_hibrida_v133.py || scripts/historico_saida_propria_v203/diagnostico_original/inspecionar_grade_diaria_hibrida_v133.py:5:    ""Arquivo: scripts/historico_saida_propria_v203/diagnostico_original/inspecionar_grade_diaria_hibrida_v133.py. Use scripts operacionais/diagnosticos vigentes e nucleo.saida_canonica."" || relatorios/atuais/INVENTARIO_RASTREADO_POS_LIMPEZA.md:622:scripts/diagnostico/inspecionar_grade_diaria_hibrida_v133.py || relatorios/atuais/INVENTARIO_RASTREADO_POS_LIMPEZA.md:706:scripts/historico_raiz/inspecionar_grade_diaria_hibrida_v133.py || relatorios/atuais/INVENTARIO_RASTREADO_POS_LIMPEZA.md:760:scripts/historico_saida_propria_v203/diagnostico_original/inspecionar_grade_diaria_hibrida_v133.py"
scripts\diagnostico\inspecionar_grade_diaria_hibrida_v134.py,inspecionar_grade_diaria_hibrida_v134.py,diagnostico_historico_antigo,14,"scripts/diagnostico/inspecionar_grade_diaria_hibrida_v134.py:4:    scripts/historico_saida_propria_v203/diagnostico_original/inspecionar_grade_diaria_hibrida_v134.py || scripts/historico_saida_propria_v203/diagnostico_original/inspecionar_grade_diaria_hibrida_v134.py:5:    ""Arquivo: scripts/historico_saida_propria_v203/diagnostico_original/inspecionar_grade_diaria_hibrida_v134.py. Use scripts operacionais/diagnosticos vigentes e nucleo.saida_canonica."" || relatorios/atuais/INVENTARIO_RASTREADO_POS_LIMPEZA.md:623:scripts/diagnostico/inspecionar_grade_diaria_hibrida_v134.py || relatorios/atuais/INVENTARIO_RASTREADO_POS_LIMPEZA.md:707:scripts/historico_raiz/inspecionar_grade_diaria_hibrida_v134.py || relatorios/atuais/INVENTARIO_RASTREADO_POS_LIMPEZA.md:761:scripts/historico_saida_propria_v203/diagnostico_original/inspecionar_grade_diaria_hibrida_v134.py"
scripts\diagnostico\inspecionar_grade_diaria_hibrida_v136.py,inspecionar_grade_diaria_hibrida_v136.py,diagnostico_historico_antigo,16,"scripts/diagnostico/inspecionar_grade_diaria_hibrida_v136.py:4:    scripts/historico_saida_propria_v203/diagnostico_original/inspecionar_grade_diaria_hibrida_v136.py || scripts/historico_saida_propria_v203/diagnostico_original/inspecionar_grade_diaria_hibrida_v136.py:5:    ""Arquivo: scripts/historico_saida_propria_v203/diagnostico_original/inspecionar_grade_diaria_hibrida_v136.py. Use scripts operacionais/diagnosticos vigentes e nucleo.saida_canonica."" || relatorios/atuais/INVENTARIO_RASTREADO_POS_LIMPEZA.md:624:scripts/diagnostico/inspecionar_grade_diaria_hibrida_v136.py || relatorios/atuais/INVENTARIO_RASTREADO_POS_LIMPEZA.md:708:scripts/historico_raiz/inspecionar_grade_diaria_hibrida_v136.py || relatorios/atuais/INVENTARIO_RASTREADO_POS_LIMPEZA.md:762:scripts/historico_saida_propria_v203/diagnostico_original/inspecionar_grade_diaria_hibrida_v136.py"
scripts\diagnostico\inspecionar_grade_diaria_parametrizada_v130.py,inspecionar_grade_diaria_parametrizada_v130.py,diagnostico_historico_antigo,14,"scripts/diagnostico/inspecionar_grade_diaria_parametrizada_v130.py:4:    scripts/historico_saida_propria_v203/diagnostico_original/inspecionar_grade_diaria_parametrizada_v130.py || scripts/historico_saida_propria_v203/diagnostico_original/inspecionar_grade_diaria_parametrizada_v130.py:5:    ""Arquivo: scripts/historico_saida_propria_v203/diagnostico_original/inspecionar_grade_diaria_parametrizada_v130.py. Use scripts operacionais/diagnosticos vigentes e nucleo.saida_canonica."" || relatorios/atuais/INVENTARIO_RASTREADO_POS_LIMPEZA.md:625:scripts/diagnostico/inspecionar_grade_diaria_parametrizada_v130.py || relatorios/atuais/INVENTARIO_RASTREADO_POS_LIMPEZA.md:709:scripts/historico_raiz/inspecionar_grade_diaria_parametrizada_v130.py || relatorios/atuais/INVENTARIO_RASTREADO_POS_LIMPEZA.md:763:scripts/historico_saida_propria_v203/diagnostico_original/inspecionar_grade_diaria_parametrizada_v130.py"
scripts\diagnostico\inspecionar_grade_diaria_switching_v126.py,inspecionar_grade_diaria_switching_v126.py,diagnostico_historico_antigo,14,"scripts/diagnostico/inspecionar_grade_diaria_switching_v126.py:4:    scripts/historico_saida_propria_v203/diagnostico_original/inspecionar_grade_diaria_switching_v126.py || scripts/historico_saida_propria_v203/diagnostico_original/inspecionar_grade_diaria_switching_v126.py:5:    ""Arquivo: scripts/historico_saida_propria_v203/diagnostico_original/inspecionar_grade_diaria_switching_v126.py. Use scripts operacionais/diagnosticos vigentes e nucleo.saida_canonica."" || relatorios/atuais/INVENTARIO_RASTREADO_POS_LIMPEZA.md:626:scripts/diagnostico/inspecionar_grade_diaria_switching_v126.py || relatorios/atuais/INVENTARIO_RASTREADO_POS_LIMPEZA.md:710:scripts/historico_raiz/inspecionar_grade_diaria_switching_v126.py || relatorios/atuais/INVENTARIO_RASTREADO_POS_LIMPEZA.md:764:scripts/historico_saida_propria_v203/diagnostico_original/inspecionar_grade_diaria_switching_v126.py"
scripts\diagnostico\inspecionar_grade_diaria_switching_v127.py,inspecionar_grade_diaria_switching_v127.py,diagnostico_historico_antigo,14,"scripts/diagnostico/inspecionar_grade_diaria_switching_v127.py:4:    scripts/historico_saida_propria_v203/diagnostico_original/inspecionar_grade_diaria_switching_v127.py || scripts/historico_saida_propria_v203/diagnostico_original/inspecionar_grade_diaria_switching_v127.py:5:    ""Arquivo: scripts/historico_saida_propria_v203/diagnostico_original/inspecionar_grade_diaria_switching_v127.py. Use scripts operacionais/diagnosticos vigentes e nucleo.saida_canonica."" || relatorios/atuais/INVENTARIO_RASTREADO_POS_LIMPEZA.md:627:scripts/diagnostico/inspecionar_grade_diaria_switching_v127.py || relatorios/atuais/INVENTARIO_RASTREADO_POS_LIMPEZA.md:711:scripts/historico_raiz/inspecionar_grade_diaria_switching_v127.py || relatorios/atuais/INVENTARIO_RASTREADO_POS_LIMPEZA.md:765:scripts/historico_saida_propria_v203/diagnostico_original/inspecionar_grade_diaria_switching_v127.py"
scripts\diagnostico\inspecionar_integracao_funcional_minima_v117.py,inspecionar_integracao_funcional_minima_v117.py,diagnostico_historico_antigo,16,"scripts/diagnostico/inspecionar_integracao_funcional_minima_v117.py:4:    scripts/historico_saida_propria_v203/diagnostico_original/inspecionar_integracao_funcional_minima_v117.py || scripts/historico_saida_propria_v203/diagnostico_original/inspecionar_integracao_funcional_minima_v117.py:5:    ""Arquivo: scripts/historico_saida_propria_v203/diagnostico_original/inspecionar_integracao_funcional_minima_v117.py. Use scripts operacionais/diagnosticos vigentes e nucleo.saida_canonica."" || relatorios/atuais/INVENTARIO_RASTREADO_POS_LIMPEZA.md:629:scripts/diagnostico/inspecionar_integracao_funcional_minima_v117.py || relatorios/atuais/INVENTARIO_RASTREADO_POS_LIMPEZA.md:713:scripts/historico_raiz/inspecionar_integracao_funcional_minima_v117.py || relatorios/atuais/INVENTARIO_RASTREADO_POS_LIMPEZA.md:766:scripts/historico_saida_propria_v203/diagnostico_original/inspecionar_integracao_funcional_minima_v117.py"
scripts\diagnostico\inspecionar_motor_diario_conjunto_experimental_v143.py,inspecionar_motor_diario_conjunto_experimental_v143.py,diagnostico_historico_intermediario,20,"scripts/diagnostico/inspecionar_motor_diario_conjunto_experimental_v143.py:7:    run_module_entrypoint(""scripts.diagnostico.temporal_decisao.motor_diario.inspecionar_motor_diario_conjunto_experimental_v143"") || scripts/diagnostico/temporal_decisao/motor_diario/inspecionar_motor_diario_conjunto_experimental_v143.py:4:    scripts/historico_saida_propria_v203/diagnostico_original/temporal_decisao/motor_diario/inspecionar_motor_diario_conjunto_experimental_v143.py || scripts/diagnostico/temporal_decisao/README.md:13:- `inspecionar_motor_diario_conjunto_experimental_v143.py` || scripts/historico_saida_propria_v203/diagnostico_original/temporal_decisao/motor_diario/inspecionar_motor_diario_conjunto_experimental_v143.py:5:    ""Arquivo: scripts/historico_saida_propria_v203/diagnostico_original/temporal_decisao/motor_diario/inspecionar_motor_diario_conjunto_experimental_v143.py. Use scripts operacionais/diagnosticos vigentes e nucleo.saida_canonica."" || relatorios/atuais/INVENTARIO_RASTREADO_POS_LIMPEZA.md:633:scripts/diagnostico/inspecionar_motor_diario_conjunto_experimental_v143.py"
scripts\diagnostico\inspecionar_motor_diario_conjunto_experimental_v144.py,inspecionar_motor_diario_conjunto_experimental_v144.py,diagnostico_historico_intermediario,20,"scripts/diagnostico/inspecionar_motor_diario_conjunto_experimental_v144.py:7:    run_module_entrypoint(""scripts.diagnostico.temporal_decisao.motor_diario.inspecionar_motor_diario_conjunto_experimental_v144"") || scripts/diagnostico/temporal_decisao/motor_diario/inspecionar_motor_diario_conjunto_experimental_v144.py:4:    scripts/historico_saida_propria_v203/diagnostico_original/temporal_decisao/motor_diario/inspecionar_motor_diario_conjunto_experimental_v144.py || scripts/diagnostico/temporal_decisao/README.md:14:- `inspecionar_motor_diario_conjunto_experimental_v144.py` || scripts/historico_saida_propria_v203/diagnostico_original/temporal_decisao/motor_diario/inspecionar_motor_diario_conjunto_experimental_v144.py:5:    ""Arquivo: scripts/historico_saida_propria_v203/diagnostico_original/temporal_decisao/motor_diario/inspecionar_motor_diario_conjunto_experimental_v144.py. Use scripts operacionais/diagnosticos vigentes e nucleo.saida_canonica."" || relatorios/atuais/INVENTARIO_RASTREADO_POS_LIMPEZA.md:634:scripts/diagnostico/inspecionar_motor_diario_conjunto_experimental_v144.py"
scripts\diagnostico\inspecionar_motor_diario_pos_vencimento_v146.py,inspecionar_motor_diario_pos_vencimento_v146.py,diagnostico_historico_intermediario,20,"scripts/diagnostico/inspecionar_motor_diario_pos_vencimento_v146.py:7:    run_module_entrypoint(""scripts.diagnostico.temporal_decisao.motor_diario.inspecionar_motor_diario_pos_vencimento_v146"") || scripts/diagnostico/temporal_decisao/motor_diario/inspecionar_motor_diario_pos_vencimento_v146.py:4:    scripts/historico_saida_propria_v203/diagnostico_original/temporal_decisao/motor_diario/inspecionar_motor_diario_pos_vencimento_v146.py || scripts/diagnostico/temporal_decisao/README.md:15:- `inspecionar_motor_diario_pos_vencimento_v146.py` || scripts/historico_saida_propria_v203/diagnostico_original/temporal_decisao/motor_diario/inspecionar_motor_diario_pos_vencimento_v146.py:5:    ""Arquivo: scripts/historico_saida_propria_v203/diagnostico_original/temporal_decisao/motor_diario/inspecionar_motor_diario_pos_vencimento_v146.py. Use scripts operacionais/diagnosticos vigentes e nucleo.saida_canonica."" || relatorios/atuais/INVENTARIO_RASTREADO_POS_LIMPEZA.md:635:scripts/diagnostico/inspecionar_motor_diario_pos_vencimento_v146.py"
scripts\diagnostico\inspecionar_parametros_produtos_switching_v129.py,inspecionar_parametros_produtos_switching_v129.py,diagnostico_historico_antigo,14,"scripts/diagnostico/inspecionar_parametros_produtos_switching_v129.py:4:    scripts/historico_saida_propria_v203/diagnostico_original/inspecionar_parametros_produtos_switching_v129.py || scripts/historico_saida_propria_v203/diagnostico_original/inspecionar_parametros_produtos_switching_v129.py:5:    ""Arquivo: scripts/historico_saida_propria_v203/diagnostico_original/inspecionar_parametros_produtos_switching_v129.py. Use scripts operacionais/diagnosticos vigentes e nucleo.saida_canonica."" || relatorios/atuais/INVENTARIO_RASTREADO_POS_LIMPEZA.md:637:scripts/diagnostico/inspecionar_parametros_produtos_switching_v129.py || relatorios/atuais/INVENTARIO_RASTREADO_POS_LIMPEZA.md:721:scripts/historico_raiz/inspecionar_parametros_produtos_switching_v129.py || relatorios/atuais/INVENTARIO_RASTREADO_POS_LIMPEZA.md:769:scripts/historico_saida_propria_v203/diagnostico_original/inspecionar_parametros_produtos_switching_v129.py"
scripts\diagnostico\inspecionar_planejador_switching_temporal_horizonte_longo_v122.py,inspecionar_planejador_switching_temporal_horizonte_longo_v122.py,diagnostico_historico_antigo,16,"scripts/diagnostico/inspecionar_planejador_switching_temporal_horizonte_longo_v122.py:4:    scripts/historico_saida_propria_v203/diagnostico_original/inspecionar_planejador_switching_temporal_horizonte_longo_v122.py || scripts/historico_saida_propria_v203/diagnostico_original/inspecionar_planejador_switching_temporal_horizonte_longo_v122.py:5:    ""Arquivo: scripts/historico_saida_propria_v203/diagnostico_original/inspecionar_planejador_switching_temporal_horizonte_longo_v122.py. Use scripts operacionais/diagnosticos vigentes e nucleo.saida_canonica."" || relatorios/atuais/INVENTARIO_RASTREADO_POS_LIMPEZA.md:638:scripts/diagnostico/inspecionar_planejador_switching_temporal_horizonte_longo_v122.py || relatorios/atuais/INVENTARIO_RASTREADO_POS_LIMPEZA.md:722:scripts/historico_raiz/inspecionar_planejador_switching_temporal_horizonte_longo_v122.py || relatorios/atuais/INVENTARIO_RASTREADO_POS_LIMPEZA.md:770:scripts/historico_saida_propria_v203/diagnostico_original/inspecionar_planejador_switching_temporal_horizonte_longo_v122.py"
scripts\diagnostico\inspecionar_ranking_carteira_estabilizado_v123.py,inspecionar_ranking_carteira_estabilizado_v123.py,diagnostico_historico_antigo,10,"scripts/diagnostico/verificar_release_baseline.py:168:    ranking = base / 'scripts' / 'diagnostico' / 'inspecionar_ranking_carteira_estabilizado_v123.py' || relatorios/atuais/INVENTARIO_RASTREADO_POS_LIMPEZA.md:641:scripts/diagnostico/inspecionar_ranking_carteira_estabilizado_v123.py || relatorios/atuais/INVENTARIO_RASTREADO_POS_LIMPEZA.md:725:scripts/historico_raiz/inspecionar_ranking_carteira_estabilizado_v123.py || relatorios/atuais/MAPA_GOVERNANCA_FINAL_SCRIPTS_V204.csv:60:scripts/diagnostico/inspecionar_ranking_carteira_estabilizado_v123.py,WRAPPER_CANONICO_READ_ONLY,convertido para leitura de nucleo.saida_canonica; sem escrita propria || relatorios/atuais/MAPA_GOVERNANCA_FINAL_SCRIPTS_V204.csv:140:scripts/historico_raiz/inspecionar_ranking_carteira_estabilizado_v123.py,HISTORICO_BLOQUEADO_V204,bloqueado; sem autoridade operacional"
scripts\diagnostico\inspecionar_simulacao_central_controlada_horizonte_longo_v124.py,inspecionar_simulacao_central_controlada_horizonte_longo_v124.py,diagnostico_historico_antigo,14,"scripts/diagnostico/inspecionar_simulacao_central_controlada_horizonte_longo_v124.py:4:    scripts/historico_saida_propria_v203/diagnostico_original/inspecionar_simulacao_central_controlada_horizonte_longo_v124.py || scripts/historico_saida_propria_v203/diagnostico_original/inspecionar_simulacao_central_controlada_horizonte_longo_v124.py:5:    ""Arquivo: scripts/historico_saida_propria_v203/diagnostico_original/inspecionar_simulacao_central_controlada_horizonte_longo_v124.py. Use scripts operacionais/diagnosticos vigentes e nucleo.saida_canonica."" || relatorios/atuais/INVENTARIO_RASTREADO_POS_LIMPEZA.md:647:scripts/diagnostico/inspecionar_simulacao_central_controlada_horizonte_longo_v124.py || relatorios/atuais/INVENTARIO_RASTREADO_POS_LIMPEZA.md:731:scripts/historico_raiz/inspecionar_simulacao_central_controlada_horizonte_longo_v124.py || relatorios/atuais/INVENTARIO_RASTREADO_POS_LIMPEZA.md:772:scripts/historico_saida_propria_v203/diagnostico_original/inspecionar_simulacao_central_controlada_horizonte_longo_v124.py"
scripts\diagnostico\run_v150_multi.py,run_v150_multi.py,diagnostico_historico_intermediario,20,"scripts/diagnostico/run_v150_multi.py:7:    run_module_entrypoint(""scripts.diagnostico.temporal_decisao.motor_diario.run_v150_multi"") || scripts/diagnostico/temporal_decisao/motor_diario/run_v150_multi.py:4:    scripts/historico_saida_propria_v203/diagnostico_original/temporal_decisao/motor_diario/run_v150_multi.py || scripts/diagnostico/temporal_decisao/README.md:16:- `run_v150_multi.py` || scripts/historico_saida_propria_v203/diagnostico_original/temporal_decisao/motor_diario/run_v150_multi.py:5:    ""Arquivo: scripts/historico_saida_propria_v203/diagnostico_original/temporal_decisao/motor_diario/run_v150_multi.py. Use scripts operacionais/diagnosticos vigentes e nucleo.saida_canonica."" || relatorios/atuais/INVENTARIO_RASTREADO_POS_LIMPEZA.md:654:scripts/diagnostico/run_v150_multi.py"
