arquivo,grupo,extensao,existe_fs,tamanho_bytes
relatorios/atuais/AUDITORIA_CAMADA_SAIDA_CANONICA_V202.md,relatorios/atuais/AUDITORIA_CAMADA_SAIDA_CANONICA_V202.md,.md,True,3463
relatorios/atuais/AUDITORIA_CONSOLE_DIAGNOSTICO_V216.md,relatorios/atuais/AUDITORIA_CONSOLE_DIAGNOSTICO_V216.md,.md,True,24262
relatorios/atuais/AUDITORIA_IMPACTO_CONTAS_FUTURAS_V217.md,relatorios/atuais/AUDITORIA_IMPACTO_CONTAS_FUTURAS_V217.md,.md,True,1824
relatorios/atuais/AUDITORIA_LIMPEZA_RESIDUAL_V201.md,relatorios/atuais/AUDITORIA_LIMPEZA_RESIDUAL_V201.md,.md,True,3846
relatorios/atuais/BACKLOG_CONTRATUAL_FASES_FUTURAS.md,relatorios/atuais/BACKLOG_CONTRATUAL_FASES_FUTURAS.md,.md,True,5731
relatorios/atuais/BASELINE_FUNCIONAL_ESTAVEL_V225.md,relatorios/atuais/BASELINE_FUNCIONAL_ESTAVEL_V225.md,.md,True,1209
relatorios/atuais/CONSOLIDACAO_NOMINAL_GATE_IMPACTO_V223.md,relatorios/atuais/CONSOLIDACAO_NOMINAL_GATE_IMPACTO_V223.md,.md,True,967
relatorios/atuais/CONTRATO_OPERACIONAL_PROJETO.md,relatorios/atuais/CONTRATO_OPERACIONAL_PROJETO.md,.md,True,25044
relatorios/atuais/CORRECAO_CALCULO_DIAS_LOTES_V218.md,relatorios/atuais/CORRECAO_CALCULO_DIAS_LOTES_V218.md,.md,True,2756
relatorios/atuais/CORRECAO_CIRURGICA_V200.md,relatorios/atuais/CORRECAO_CIRURGICA_V200.md,.md,True,1157
relatorios/atuais/CORRECAO_REPRODUTIBILIDADE_DIAS_LOTES_V219.md,relatorios/atuais/CORRECAO_REPRODUTIBILIDADE_DIAS_LOTES_V219.md,.md,True,1466
relatorios/atuais/CORRECAO_SALDOS_FUTUROS_LOTES_V208.md,relatorios/atuais/CORRECAO_SALDOS_FUTUROS_LOTES_V208.md,.md,True,1760
relatorios/atuais/ESPECIFICACAO_SAIDA_OFICIAL.md,relatorios/atuais/ESPECIFICACAO_SAIDA_OFICIAL.md,.md,True,7760
relatorios/atuais/GATE_ECONOMICO_APORTES_PLANEJADOS_V220.md,relatorios/atuais/GATE_ECONOMICO_APORTES_PLANEJADOS_V220.md,.md,True,516
relatorios/atuais/GOVERNANCA_ESTRUTURAL_V206.md,relatorios/atuais/GOVERNANCA_ESTRUTURAL_V206.md,.md,True,1522
relatorios/atuais/GOVERNANCA_FINAL_SCRIPTS_V204.md,relatorios/atuais/GOVERNANCA_FINAL_SCRIPTS_V204.md,.md,True,1597
relatorios/atuais/GOVERNANCA_SCRIPTS_V203.md,relatorios/atuais/GOVERNANCA_SCRIPTS_V203.md,.md,True,2780
relatorios/atuais/HOTFIX_CONSOLE_IMPORTS_V205.md,relatorios/atuais/HOTFIX_CONSOLE_IMPORTS_V205.md,.md,True,1254
relatorios/atuais/HOTFIX_FLUXO_EFETIVO_GATE_ECONOMICO_V222.md,relatorios/atuais/HOTFIX_FLUXO_EFETIVO_GATE_ECONOMICO_V222.md,.md,True,1027
relatorios/atuais/HOTFIX_LIMPEZA_PRE_RELEASE_V224.md,relatorios/atuais/HOTFIX_LIMPEZA_PRE_RELEASE_V224.md,.md,True,886
relatorios/atuais/HOTFIX_RESOLVER_CSV_GATE_ECONOMICO_V221.md,relatorios/atuais/HOTFIX_RESOLVER_CSV_GATE_ECONOMICO_V221.md,.md,True,727
relatorios/atuais/HOTFIX_UTILITARIOS_SERIES_V207.md,relatorios/atuais/HOTFIX_UTILITARIOS_SERIES_V207.md,.md,True,1436
relatorios/atuais/INDICE_DOCUMENTOS_NORMATIVOS_VIGENTES.md,relatorios/atuais/INDICE_DOCUMENTOS_NORMATIVOS_VIGENTES.md,.md,True,2348
relatorios/atuais/INDICE_MESTRE_BASELINES_HISTORICAS.md,relatorios/atuais/INDICE_MESTRE_BASELINES_HISTORICAS.md,.md,True,4301
relatorios/atuais/INDICE_MESTRE_ESTRUTURAS_HISTORICAS.md,relatorios/atuais/INDICE_MESTRE_ESTRUTURAS_HISTORICAS.md,.md,True,2486
relatorios/atuais/INDICE_MESTRE_VALIDACOES_HISTORICAS.md,relatorios/atuais/INDICE_MESTRE_VALIDACOES_HISTORICAS.md,.md,True,2470
relatorios/atuais/INTEGRACAO_FUNCIONAL_APORTES_FUTUROS_V216.md,relatorios/atuais/INTEGRACAO_FUNCIONAL_APORTES_FUTUROS_V216.md,.md,True,4262
relatorios/atuais/INVENTARIO_RASTREADO_POS_LIMPEZA.md,relatorios/atuais/INVENTARIO_RASTREADO_POS_LIMPEZA.md,.md,True,50221
relatorios/atuais/LEIA-ME_OPERACIONAL.md,relatorios/atuais/LEIA-ME_OPERACIONAL.md,.md,True,2811
relatorios/atuais/MAPA_SCRIPTS_V201.md,relatorios/atuais/MAPA_SCRIPTS_V201.md,.md,True,31952
relatorios/atuais/MODELO_MATEMATICO_ESTATISTICO_FINANCEIRO_OFICIAL_V182.md,relatorios/atuais/MODELO_MATEMATICO_ESTATISTICO_FINANCEIRO_OFICIAL_V182.md,.md,True,23255
relatorios/atuais/PLANO_LIMPEZA_REPOSITORIO_POS_RD.md,relatorios/atuais/PLANO_LIMPEZA_REPOSITORIO_POS_RD.md,.md,True,1764
relatorios/atuais/PROMOCAO_CONTROLADA_BASELINE_V225.md,relatorios/atuais/PROMOCAO_CONTROLADA_BASELINE_V225.md,.md,True,2420
relatorios/atuais/RELATORIO_CONSOLIDADO_AUDITORIAS_ESPECIFICAS_RAIZ_HISTORICO.md,relatorios/atuais/RELATORIO_CONSOLIDADO_AUDITORIAS_ESPECIFICAS_RAIZ_HISTORICO.md,.md,True,34659
relatorios/atuais/RELATORIO_CONSOLIDADO_AUDITORIAS_RANKING_HISTORICO.md,relatorios/atuais/RELATORIO_CONSOLIDADO_AUDITORIAS_RANKING_HISTORICO.md,.md,True,8080
relatorios/atuais/RELATORIO_CONSOLIDADO_AUDITORIAS_REORGANIZACAO_HISTORICO.md,relatorios/atuais/RELATORIO_CONSOLIDADO_AUDITORIAS_REORGANIZACAO_HISTORICO.md,.md,True,7548
relatorios/atuais/RELATORIO_CONSOLIDADO_AUDITORIAS_SHADOW_LEGACY_HISTORICO.md,relatorios/atuais/RELATORIO_CONSOLIDADO_AUDITORIAS_SHADOW_LEGACY_HISTORICO.md,.md,True,9948
relatorios/atuais/RELATORIO_CONSOLIDADO_AUDITORIAS_TEMPORAIS_HISTORICO.md,relatorios/atuais/RELATORIO_CONSOLIDADO_AUDITORIAS_TEMPORAIS_HISTORICO.md,.md,True,34675
relatorios/atuais/RELATORIO_CONSOLIDADO_BASELINES_HISTORICAS_V001_V030.md,relatorios/atuais/RELATORIO_CONSOLIDADO_BASELINES_HISTORICAS_V001_V030.md,.md,True,16953
relatorios/atuais/RELATORIO_CONSOLIDADO_BASELINES_HISTORICAS_V031_V060.md,relatorios/atuais/RELATORIO_CONSOLIDADO_BASELINES_HISTORICAS_V031_V060.md,.md,True,33554
relatorios/atuais/RELATORIO_CONSOLIDADO_BASELINES_HISTORICAS_V061_V090.md,relatorios/atuais/RELATORIO_CONSOLIDADO_BASELINES_HISTORICAS_V061_V090.md,.md,True,55440
relatorios/atuais/RELATORIO_CONSOLIDADO_BASELINES_HISTORICAS_V091_V120.md,relatorios/atuais/RELATORIO_CONSOLIDADO_BASELINES_HISTORICAS_V091_V120.md,.md,True,28634
relatorios/atuais/RELATORIO_CONSOLIDADO_BASELINES_HISTORICAS_V121_V150.md,relatorios/atuais/RELATORIO_CONSOLIDADO_BASELINES_HISTORICAS_V121_V150.md,.md,True,14287
relatorios/atuais/RELATORIO_CONSOLIDADO_CONTRATOS_INTERMEDIARIOS_HISTORICO.md,relatorios/atuais/RELATORIO_CONSOLIDADO_CONTRATOS_INTERMEDIARIOS_HISTORICO.md,.md,True,51660
relatorios/atuais/RELATORIO_CONSOLIDADO_DOCUMENTACAO_BASELINE_HISTORICO.md,relatorios/atuais/RELATORIO_CONSOLIDADO_DOCUMENTACAO_BASELINE_HISTORICO.md,.md,True,8927
relatorios/atuais/RELATORIO_CONSOLIDADO_ESTRUTURAS_HISTORICAS_V031_V060.md,relatorios/atuais/RELATORIO_CONSOLIDADO_ESTRUTURAS_HISTORICAS_V031_V060.md,.md,True,6540
relatorios/atuais/RELATORIO_CONSOLIDADO_ESTRUTURAS_HISTORICAS_V061_V090.md,relatorios/atuais/RELATORIO_CONSOLIDADO_ESTRUTURAS_HISTORICAS_V061_V090.md,.md,True,36278
relatorios/atuais/RELATORIO_CONSOLIDADO_ESTRUTURAS_HISTORICAS_V091_V120.md,relatorios/atuais/RELATORIO_CONSOLIDADO_ESTRUTURAS_HISTORICAS_V091_V120.md,.md,True,25511
relatorios/atuais/RELATORIO_CONSOLIDADO_ESTRUTURAS_HISTORICAS_V121_V150.md,relatorios/atuais/RELATORIO_CONSOLIDADO_ESTRUTURAS_HISTORICAS_V121_V150.md,.md,True,18041
relatorios/atuais/RELATORIO_CONSOLIDADO_LIMPEZA_REPOSITORIO_HISTORICO.md,relatorios/atuais/RELATORIO_CONSOLIDADO_LIMPEZA_REPOSITORIO_HISTORICO.md,.md,True,9579
relatorios/atuais/RELATORIO_CONSOLIDADO_LOGS_ITERACOES.md,relatorios/atuais/RELATORIO_CONSOLIDADO_LOGS_ITERACOES.md,.md,True,20709
relatorios/atuais/RELATORIO_CONSOLIDADO_OBJETIVO_FINAL_HISTORICO.md,relatorios/atuais/RELATORIO_CONSOLIDADO_OBJETIVO_FINAL_HISTORICO.md,.md,True,9600
relatorios/atuais/RELATORIO_CONSOLIDADO_REORGANIZACAO_LOCAL_SWITCHING_HISTORICO.md,relatorios/atuais/RELATORIO_CONSOLIDADO_REORGANIZACAO_LOCAL_SWITCHING_HISTORICO.md,.md,True,19845
relatorios/atuais/RELATORIO_CONSOLIDADO_VALIDACOES_DIARIAS_HISTORICO.md,relatorios/atuais/RELATORIO_CONSOLIDADO_VALIDACOES_DIARIAS_HISTORICO.md,.md,True,13529
relatorios/atuais/RELATORIO_CONSOLIDADO_VALIDACOES_HISTORICAS_V001_V030.md,relatorios/atuais/RELATORIO_CONSOLIDADO_VALIDACOES_HISTORICAS_V001_V030.md,.md,True,20888
relatorios/atuais/RELATORIO_CONSOLIDADO_VALIDACOES_HISTORICAS_V031_V060.md,relatorios/atuais/RELATORIO_CONSOLIDADO_VALIDACOES_HISTORICAS_V031_V060.md,.md,True,24581
relatorios/atuais/RELATORIO_CONSOLIDADO_VALIDACOES_HISTORICAS_V061_V090.md,relatorios/atuais/RELATORIO_CONSOLIDADO_VALIDACOES_HISTORICAS_V061_V090.md,.md,True,34552
relatorios/atuais/RELATORIO_CONSOLIDADO_VALIDACOES_HISTORICAS_V091_V120.md,relatorios/atuais/RELATORIO_CONSOLIDADO_VALIDACOES_HISTORICAS_V091_V120.md,.md,True,22099
relatorios/atuais/RELATORIO_CONSOLIDADO_VALIDACOES_HISTORICAS_V121_V150.md,relatorios/atuais/RELATORIO_CONSOLIDADO_VALIDACOES_HISTORICAS_V121_V150.md,.md,True,14630
relatorios/atuais/RELATORIO_CONSOLIDADO_VALIDACOES_RD_2026_04_28.md,relatorios/atuais/RELATORIO_CONSOLIDADO_VALIDACOES_RD_2026_04_28.md,.md,True,6950
relatorios/atuais/RELATORIO_FECHAMENTO_LIMPEZA_RELATORIOS_HISTORICO.md,relatorios/atuais/RELATORIO_FECHAMENTO_LIMPEZA_RELATORIOS_HISTORICO.md,.md,True,2088
relatorios/atuais/STATUS_LOCAL_IGNORADOS_POS_LIMPEZA.txt,relatorios/atuais/STATUS_LOCAL_IGNORADOS_POS_LIMPEZA.txt,.txt,True,2330
relatorios/atuais/VALIDACAO_LOCAL_V216.md,relatorios/atuais/VALIDACAO_LOCAL_V216.md,.md,True,2814
relatorios/atuais/VALIDACAO_LOCAL_V217.md,relatorios/atuais/VALIDACAO_LOCAL_V217.md,.md,True,1347
relatorios/atuais/VALIDACAO_LOCAL_V218.md,relatorios/atuais/VALIDACAO_LOCAL_V218.md,.md,True,1879
relatorios/atuais/VALIDACAO_LOCAL_V219.md,relatorios/atuais/VALIDACAO_LOCAL_V219.md,.md,True,1711
relatorios/atuais/VALIDACAO_LOCAL_V220.md,relatorios/atuais/VALIDACAO_LOCAL_V220.md,.md,True,681
relatorios/atuais/VALIDACAO_LOCAL_V221.md,relatorios/atuais/VALIDACAO_LOCAL_V221.md,.md,True,4300
relatorios/atuais/VALIDACAO_LOCAL_V222.md,relatorios/atuais/VALIDACAO_LOCAL_V222.md,.md,True,3151
relatorios/atuais/VALIDACAO_LOCAL_V223.md,relatorios/atuais/VALIDACAO_LOCAL_V223.md,.md,True,925
relatorios/atuais/VALIDACAO_LOCAL_V224.md,relatorios/atuais/VALIDACAO_LOCAL_V224.md,.md,True,654
relatorios/atuais/VALIDACAO_LOCAL_V225.md,relatorios/atuais/VALIDACAO_LOCAL_V225.md,.md,True,1152
relatorios/atuais/limpeza_atuais/RELATORIO_AUDITORIA_COBERTURA_CANDIDATOS_REMOCAO_RELATORIOS_ATUAIS.md,relatorios/atuais/limpeza_atuais,.md,True,5367
relatorios/atuais/limpeza_atuais/RELATORIO_AUDITORIA_CONTEUDO_HOTFIX_CONSOLE_IMPORTS_V205.md,relatorios/atuais/limpeza_atuais,.md,True,12654
relatorios/atuais/limpeza_atuais/RELATORIO_AUDITORIA_FINAL_ELEGIBILIDADE_REMOCAO_MATERIAL_COBERTO.md,relatorios/atuais/limpeza_atuais,.md,True,8545
relatorios/atuais/limpeza_atuais/RELATORIO_CONSOLIDADO_MATERIAL_CONSOLIDAVEL_RELATORIOS_ATUAIS.md,relatorios/atuais/limpeza_atuais,.md,True,108278
relatorios/atuais/limpeza_atuais/RELATORIO_DECISAO_ATUALIZADA_CANDIDATOS_REMOCAO_RELATORIOS_ATUAIS.md,relatorios/atuais/limpeza_atuais,.md,True,3105
relatorios/atuais/limpeza_atuais/RELATORIO_DECISAO_CLASSES_RESTANTES_RELATORIOS_ATUAIS.md,relatorios/atuais/limpeza_atuais,.md,True,12789
relatorios/atuais/limpeza_atuais/RELATORIO_DECISAO_DOCUMENTOS_VIGENTES_CANDIDATOS_RELATORIOS_ATUAIS.md,relatorios/atuais/limpeza_atuais,.md,True,5331
relatorios/atuais/limpeza_atuais/RELATORIO_DECISAO_MATERIAL_LIMPEZA_AUDITORIA_RELATORIOS_ATUAIS.md,relatorios/atuais/limpeza_atuais,.md,True,9917
relatorios/atuais/limpeza_atuais/RELATORIO_DECISAO_POS_CONSOLIDACAO_MATERIAL_AUXILIAR_RELATORIOS_ATUAIS.md,relatorios/atuais/limpeza_atuais,.md,True,9723
relatorios/atuais/limpeza_atuais/RELATORIO_DECISAO_REVISAO_MANUAL_DOCUMENTOS_VIGENTES_RELATORIOS_ATUAIS.md,relatorios/atuais/limpeza_atuais,.md,True,2165
relatorios/atuais/limpeza_atuais/RELATORIO_DECISAO_REVISAO_MANUAL_RELATORIOS_ATUAIS.md,relatorios/atuais/limpeza_atuais,.md,True,5022
relatorios/atuais/limpeza_atuais/RELATORIO_DECISAO_SUPORTE_TECNICO_RECENTE_RELATORIOS_ATUAIS.md,relatorios/atuais/limpeza_atuais,.md,True,3899
relatorios/atuais/limpeza_atuais/RELATORIO_FECHAMENTO_DOCUMENTO_VIGENTE_CANDIDATO.md,relatorios/atuais/limpeza_atuais,.md,True,3433
relatorios/atuais/limpeza_atuais/RELATORIO_FECHAMENTO_GERAL_REVISAO_RELATORIOS_ATUAIS.md,relatorios/atuais/limpeza_atuais,.md,True,5309
relatorios/atuais/limpeza_atuais/RELATORIO_FECHAMENTO_MATERIAL_LIMPEZA_AUDITORIA.md,relatorios/atuais/limpeza_atuais,.md,True,4355
relatorios/atuais/limpeza_atuais/RELATORIO_FECHAMENTO_TRIAGEM_REVISAO_MANUAL_RELATORIOS_ATUAIS.md,relatorios/atuais/limpeza_atuais,.md,True,2867
relatorios/atuais/limpeza_atuais/RESUMO_TRIAGEM_RELATORIOS_ATUAIS.md,relatorios/atuais/limpeza_atuais,.md,True,16266
relatorios/atuais/limpeza_atuais/auditoria_cobertura_candidatos_remocao_relatorios_atuais.csv,relatorios/atuais/limpeza_atuais,.csv,True,3201
relatorios/atuais/limpeza_atuais/auditoria_conteudo_hotfix_console_imports_v205.csv,relatorios/atuais/limpeza_atuais,.csv,True,6107
relatorios/atuais/limpeza_atuais/auditoria_final_elegibilidade_remocao_material_coberto.csv,relatorios/atuais/limpeza_atuais,.csv,True,80419
relatorios/atuais/limpeza_atuais/decisao_atualizada_candidatos_remocao_relatorios_atuais.csv,relatorios/atuais/limpeza_atuais,.csv,True,3985
relatorios/atuais/limpeza_atuais/decisao_classes_restantes_relatorios_atuais.csv,relatorios/atuais/limpeza_atuais,.csv,True,15742
relatorios/atuais/limpeza_atuais/decisao_documentos_vigentes_candidatos_relatorios_atuais.csv,relatorios/atuais/limpeza_atuais,.csv,True,7484
relatorios/atuais/limpeza_atuais/decisao_material_limpeza_auditoria_relatorios_atuais.csv,relatorios/atuais/limpeza_atuais,.csv,True,12682
relatorios/atuais/limpeza_atuais/decisao_pos_consolidacao_material_auxiliar_relatorios_atuais.csv,relatorios/atuais/limpeza_atuais,.csv,True,105013
relatorios/atuais/limpeza_atuais/decisao_revisao_manual_documentos_vigentes_relatorios_atuais.csv,relatorios/atuais/limpeza_atuais,.csv,True,1349
relatorios/atuais/limpeza_atuais/decisao_suporte_tecnico_recente_relatorios_atuais.csv,relatorios/atuais/limpeza_atuais,.csv,True,6374
relatorios/atuais/limpeza_atuais/indice_material_consolidavel_relatorios_atuais.csv,relatorios/atuais/limpeza_atuais,.csv,True,101272
relatorios/atuais/limpeza_atuais/inventario_relatorios_atuais_classificado.csv,relatorios/atuais/limpeza_atuais,.csv,True,21395
relatorios/atuais/limpeza_estrutura/RESUMO_AUDITORIA_ESTRUTURAL_PASTAS.md,relatorios/atuais/limpeza_estrutura,.md,True,2329
relatorios/atuais/limpeza_estrutura/RESUMO_INVENTARIO_BASELINES_HISTORICAS.md,relatorios/atuais/limpeza_estrutura,.md,True,2667
relatorios/atuais/limpeza_estrutura/RESUMO_INVENTARIO_ESTRUTURAS_HISTORICAS.md,relatorios/atuais/limpeza_estrutura,.md,True,881
relatorios/atuais/limpeza_estrutura/RESUMO_INVENTARIO_RELATORIOS_HISTORICO.md,relatorios/atuais/limpeza_estrutura,.md,True,1215
relatorios/atuais/limpeza_estrutura/RESUMO_INVENTARIO_VALIDACOES_HISTORICAS.md,relatorios/atuais/limpeza_estrutura,.md,True,754
relatorios/atuais/limpeza_estrutura/auditoria_refinada_historico_saida_propria_v203.csv,relatorios/atuais/limpeza_estrutura,.csv,True,19353
relatorios/atuais/limpeza_estrutura/auditoria_saidas_diagnostico.csv,relatorios/atuais/limpeza_estrutura,.csv,True,3129
relatorios/atuais/limpeza_estrutura/inventario_pastas_profundidade_1.csv,relatorios/atuais/limpeza_estrutura,.csv,True,1080
relatorios/atuais/limpeza_estrutura/inventario_pastas_profundidade_2.csv,relatorios/atuais/limpeza_estrutura,.csv,True,3511
relatorios/atuais/limpeza_estrutura/inventario_pastas_profundidade_3.csv,relatorios/atuais/limpeza_estrutura,.csv,True,5109
relatorios/atuais/limpeza_estrutura/inventario_relatorios_historico_baselines.csv,relatorios/atuais/limpeza_estrutura,.csv,True,52608
relatorios/atuais/limpeza_estrutura/status_local_ignorados_estrutura.txt,relatorios/atuais/limpeza_estrutura,.txt,True,2323
relatorios/atuais/limpeza_scripts/RESUMO_AUDITORIA_REFINADA_CANDIDATOS_REMOCAO.md,relatorios/atuais/limpeza_scripts,.md,True,980
relatorios/atuais/limpeza_scripts/RESUMO_INVENTARIO_SCRIPTS_DIAGNOSTICO.md,relatorios/atuais/limpeza_scripts,.md,True,1184
relatorios/atuais/limpeza_scripts/auditoria_referencias_candidatos_remocao.csv,relatorios/atuais/limpeza_scripts,.csv,True,35811
relatorios/atuais/limpeza_scripts/auditoria_refinada_referencias_candidatos_remocao.csv,relatorios/atuais/limpeza_scripts,.csv,True,8184
relatorios/atuais/limpeza_scripts/auditoria_wrappers_temporal_decisao.csv,relatorios/atuais/limpeza_scripts,.csv,True,2285
relatorios/atuais/limpeza_scripts/candidatos_remocao_scripts_diagnostico.csv,relatorios/atuais/limpeza_scripts,.csv,True,7559
relatorios/atuais/limpeza_scripts/inventario_scripts_diagnostico.csv,relatorios/atuais/limpeza_scripts,.csv,True,17502
