arquivo,nome,tipo,versao_detectada,faixa_versao,linhas,tamanho_bytes,titulo,primeiras_linhas
relatorios/historico/estruturas/ESTRUTURA_REPOSITORIO_V100.md,ESTRUTURA_REPOSITORIO_V100.md,estrutura_repositorio,100,V091_V120,21,861,Estrutura do repositório V100,"# Estrutura do repositório V100 | ## Camada nova da V100 | A V100 introduz uma camada intermediária entre a decisão local e qualquer leitura de plano futuro: a auditoria temporal da `decisao_local_v1`, que reaplica a sequência dos pagamentos sugeridos com depleção cumulativa da mesma fonte ao longo do tempo. | ## Papel da V100"
relatorios/historico/estruturas/ESTRUTURA_REPOSITORIO_V101.md,ESTRUTURA_REPOSITORIO_V101.md,estrutura_repositorio,101,V091_V120,9,762,Estrutura do repositório V101,"# Estrutura do repositório V101 | ## Camada nova da V101 | A V101 preserva a camada intermediária introduzida na V100 — a auditoria temporal da `decisao_local_v1` — e adiciona uma segunda camada separada, de `reescolha_dinamica_pos_quebra`, que recomputa a melhor fonte local quando a sugestão original deixa de ser coerente na sequência. | ## Papel da V101"
relatorios/historico/estruturas/ESTRUTURA_REPOSITORIO_V103.md,ESTRUTURA_REPOSITORIO_V103.md,estrutura_repositorio,103,V091_V120,17,890,ESTRUTURA DO REPOSITÓRIO V103,"# ESTRUTURA DO REPOSITÓRIO V103 | ## Nova camada adicionada | A V103 adiciona a camada `nucleo/heuristica_conjunta_parcial_bloco_critico.py`, acoplada ao `ContextoBaseline` sem alterar o motor principal. | ## Novos pontos de integração"
relatorios/historico/estruturas/ESTRUTURA_REPOSITORIO_V104.md,ESTRUTURA_REPOSITORIO_V104.md,estrutura_repositorio,104,V091_V120,10,498,ESTRUTURA DO REPOSITÓRIO V104,"# ESTRUTURA DO REPOSITÓRIO V104 | A V104 adiciona a camada `nucleo/planejamento_conjunto_local_bloco_critico_v1.py`, acoplada ao `ContextoBaseline` sem alterar o motor principal. | ## Novos pontos estruturais | - `nucleo/planejamento_conjunto_local_bloco_critico_v1.py` | - `scripts/diagnostico/inspecionar_planejamento_conjunto_local_bloco_critico_v1.py`"
relatorios/historico/estruturas/ESTRUTURA_REPOSITORIO_V105.md,ESTRUTURA_REPOSITORIO_V105.md,estrutura_repositorio,105,V091_V120,13,508,Estrutura da V105,# Estrutura da V105 | ## Novos arquivos principais | - `nucleo/microplanejamento_conjunto_bloco_critico_v2.py` | - `scripts/diagnostico/inspecionar_microplanejamento_conjunto_bloco_critico_v2.py` | - `scripts/inspecionar_microplanejamento_conjunto_bloco_critico_v2.py` | ## Pontos de integração
relatorios/historico/estruturas/ESTRUTURA_REPOSITORIO_V106.md,ESTRUTURA_REPOSITORIO_V106.md,estrutura_repositorio,106,V091_V120,22,855,Estrutura da V106,# Estrutura da V106 | ## Arquivos novos principais | - `relatorios/atuais/METRICA_CANONICA_MINIMA_CENTRAL.md` | - `relatorios/atuais/SANEAMENTO_CONTRATUAL_V106.md` | - `relatorios/atuais/BASELINE_FIXA_V106.md` | - `relatorios/atuais/VALIDACAO_LOCAL_V106.md` | - `relatorios/atuais/ESTRUTURA_REPOSITORIO_V106.md`
relatorios/historico/estruturas/ESTRUTURA_REPOSITORIO_V107.md,ESTRUTURA_REPOSITORIO_V107.md,estrutura_repositorio,107,V091_V120,15,579,Estrutura da V107,# Estrutura da V107 | ## Arquivos novos/centrais | - `nucleo/recomputacao_sequencial_central_v1.py` | - `scripts/diagnostico/inspecionar_recomputacao_sequencial_central_v1.py` | - `scripts/inspecionar_recomputacao_sequencial_central_v1.py` | - `relatorios/atuais/RECOMPUTACAO_SEQUENCIAL_CENTRAL_V107.md`
relatorios/historico/estruturas/ESTRUTURA_REPOSITORIO_V108.md,ESTRUTURA_REPOSITORIO_V108.md,estrutura_repositorio,108,V091_V120,13,564,Estrutura da V108,# Estrutura da V108 | Arquivos centrais adicionados/atualizados nesta baseline: | - `nucleo/recomputacao_sequencial_central_v1.py` | - `scripts/diagnostico/inspecionar_recomputacao_sequencial_central_v1.py` | - `scripts/inspecionar_recomputacao_sequencial_central_v1.py` | - `relatorios/atuais/RECOMPUTACAO_SEQUENCIAL_CENTRAL_V108.md`
relatorios/historico/estruturas/ESTRUTURA_REPOSITORIO_V114.md,ESTRUTURA_REPOSITORIO_V114.md,estrutura_repositorio,114,V091_V120,14,447,Estrutura repositório V114,# Estrutura repositório V114 | Principais acréscimos: | - `nucleo/motor_recomendacao_pagamentos_switching_v1.py` | - `scripts/diagnostico/inspecionar_motor_recomendacao_pagamentos_switching_v1.py` | - `scripts/inspecionar_motor_recomendacao_pagamentos_switching_v1.py`
relatorios/historico/estruturas/ESTRUTURA_REPOSITORIO_V115.md,ESTRUTURA_REPOSITORIO_V115.md,estrutura_repositorio,115,V091_V120,21,842,Estrutura repositório V115,# Estrutura repositório V115 | Principais ajustes: | - `scripts/diagnostico/_bootstrap.py` | - `relatorios/atuais/REORGANIZACAO_REPOSITORIO_V115.md` | - `relatorios/atuais/BASELINE_FIXA_V115.md` | - `relatorios/atuais/VALIDACAO_LOCAL_V115.md`
relatorios/historico/estruturas/ESTRUTURA_REPOSITORIO_V116.md,ESTRUTURA_REPOSITORIO_V116.md,estrutura_repositorio,116,V091_V120,19,783,Estrutura repositório V116,# Estrutura repositório V116 | ## Arquivos centrais alterados na V116 | - `nucleo/motor_recomendacao_pagamentos_switching_v1.py` | - `scripts/diagnostico/inspecionar_motor_recomendacao_pagamentos_switching_v1.py` | - `nucleo/identidade_baseline.py` | - `scripts/diagnostico/verificar_release_baseline.py`
relatorios/historico/estruturas/ESTRUTURA_REPOSITORIO_V117.md,ESTRUTURA_REPOSITORIO_V117.md,estrutura_repositorio,117,V091_V120,21,869,Estrutura repositório V117,# Estrutura repositório V117 | ## Arquivos centrais alterados na V117 | - `nucleo/planejador_switching_temporal_v1.py` | - `nucleo/alocador_pagamentos_terminal_v1.py` | - `nucleo/simulador_central_eventos_v1.py` | - `nucleo/avaliador_cenarios_conjuntos_v1.py`
relatorios/historico/estruturas/ESTRUTURA_REPOSITORIO_V118.md,ESTRUTURA_REPOSITORIO_V118.md,estrutura_repositorio,118,V091_V120,17,790,Estrutura repositório V118,# Estrutura repositório V118 | ## Arquivos centrais alterados na V118 | - `nucleo/planejador_switching_temporal_v1.py` | - `nucleo/alocador_pagamentos_terminal_v1.py` | - `nucleo/simulador_central_eventos_v1.py` | - `scripts/diagnostico/inspecionar_integracao_funcional_minima_v117.py`
relatorios/historico/estruturas/ESTRUTURA_REPOSITORIO_V119.md,ESTRUTURA_REPOSITORIO_V119.md,estrutura_repositorio,119,V091_V120,15,631,Estrutura repositório V119,# Estrutura repositório V119 | ## Arquivos centrais alterados na V119 | - `nucleo/planejador_switching_temporal_v1.py` | - `nucleo/simulador_central_eventos_v1.py` | - `nucleo/alocador_pagamentos_terminal_v1.py` | - `scripts/diagnostico/inspecionar_integracao_funcional_minima_v117.py`
relatorios/historico/estruturas/ESTRUTURA_REPOSITORIO_V120.md,ESTRUTURA_REPOSITORIO_V120.md,estrutura_repositorio,120,V091_V120,20,863,Estrutura repositório V120,# Estrutura repositório V120 | ## Arquivos centrais alterados na V120 | - `nucleo/planejador_switching_temporal_v1.py` | - `nucleo/simulador_central_eventos_v1.py` | - `scripts/diagnostico/inspecionar_integracao_funcional_minima_v117.py` | - `scripts/inspecionar_integracao_funcional_minima_v117.py`
relatorios/historico/estruturas/ESTRUTURA_REPOSITORIO_V121.md,ESTRUTURA_REPOSITORIO_V121.md,estrutura_repositorio,121,V121_V150,20,895,Estrutura repositório V121,# Estrutura repositório V121 | ## Arquivos centrais alterados na V121 | - `nucleo/planejador_switching_temporal_v1.py` | - `nucleo/simulador_central_eventos_v1.py` | - `scripts/diagnostico/inspecionar_integracao_funcional_minima_v117.py` | - `scripts/inspecionar_integracao_funcional_minima_v117.py`
relatorios/historico/estruturas/ESTRUTURA_REPOSITORIO_V122.md,ESTRUTURA_REPOSITORIO_V122.md,estrutura_repositorio,122,V121_V150,18,820,Estrutura repositório V122,# Estrutura repositório V122 | ## Arquivos centrais alterados na V122 | - `README.md` | - `nucleo/identidade_baseline.py` | - `scripts/diagnostico/verificar_release_baseline.py` | - `scripts/diagnostico/inspecionar_planejador_switching_temporal_horizonte_longo_v122.py`
relatorios/historico/estruturas/ESTRUTURA_REPOSITORIO_V123.md,ESTRUTURA_REPOSITORIO_V123.md,estrutura_repositorio,123,V121_V150,3,133,Estrutura V123,"# Estrutura V123 | Adicionados `config/`, `nucleo/ranking_carteira_estabilizado.py` e scripts diagnósticos do ranking Carteira-only."
relatorios/historico/estruturas/ESTRUTURA_REPOSITORIO_V124.md,ESTRUTURA_REPOSITORIO_V124.md,estrutura_repositorio,124,V121_V150,9,595,Estrutura V124,# Estrutura V124 | Arquivos centrais adicionados nesta derivação: | - `scripts/diagnostico/inspecionar_simulacao_central_controlada_horizonte_longo_v124.py` | - `scripts/inspecionar_simulacao_central_controlada_horizonte_longo_v124.py` | - `relatorios/atuais/SIMULACAO_CENTRAL_CONTROLADA_HORIZONTE_LONGO_V124.md`
relatorios/historico/estruturas/ESTRUTURA_REPOSITORIO_V125.md,ESTRUTURA_REPOSITORIO_V125.md,estrutura_repositorio,125,V121_V150,7,382,Estrutura V125,"# Estrutura V125 | Arquivos centrais adicionados nesta derivação: | - `relatorios/atuais/AUDITORIA_MULTIHORIZONTE_CENARIOS_TEMPO_V125.md` | A V125 não altera o ranking Carteira-only nem o simulador central. Ela amplia a auditoria do cenário conjunto para uma grade multihorizonte mais rica, reduzindo o risco de inferir política de switching a partir de poucos recortes de tempo."
relatorios/historico/estruturas/ESTRUTURA_REPOSITORIO_V126.md,ESTRUTURA_REPOSITORIO_V126.md,estrutura_repositorio,126,V121_V150,11,544,Estrutura do repositório V126,# Estrutura do repositório V126 | Adições centrais: | - `scripts/diagnostico/inspecionar_grade_diaria_switching_v126.py` | - `scripts/diagnostico/consolidar_grade_diaria_switching_v126.py` | - `scripts/inspecionar_grade_diaria_switching_v126.py` | - `scripts/consolidar_grade_diaria_switching_v126.py` | - `relatorios/atuais/AVALIACAO_DIARIA_DATA_OTIMA_SWITCHING_V126.md`
relatorios/historico/estruturas/ESTRUTURA_REPOSITORIO_V127.md,ESTRUTURA_REPOSITORIO_V127.md,estrutura_repositorio,127,V121_V150,8,578,Estrutura do repositório V127,# Estrutura do repositório V127 | Mudanças centrais da V127: | - `nucleo/planejador_switching_temporal_v1.py`: inclui fontes não aportadas disponíveis e mantém apenas ações integrais; | - `nucleo/simulador_central_eventos_v1.py`: suporta aporte de não aportado como evento temporal integral; | - `scripts/diagnostico/inspecionar_grade_diaria_switching_v127.py`: avalia grade diária integral individual e agrupada com todas as combinações entre as melhores fontes do dia; | - `scripts/diagnostico/consolidar_grade_diaria_switching_v127.py`: consolida blocos da grade diária.
relatorios/historico/estruturas/ESTRUTURA_REPOSITORIO_V128.md,ESTRUTURA_REPOSITORIO_V128.md,estrutura_repositorio,128,V121_V150,8,449,Estrutura do repositório V128,# Estrutura do repositório V128 | Mudanças centrais da V128: | - continuação dos chunks da grade diária integral `V127` até 120 dias auditados; | - criação de `scripts/diagnostico/consolidar_grade_diaria_switching_v128.py` para consolidar a janela ampliada com dias sem cenários; | - criação de `relatorios/atuais/AVALIACAO_DIARIA_DATA_OTIMA_SWITCHING_V128.md`; | - criação de `saidas/operacional/grade_diaria_switching_v128_consolidado.json`.
relatorios/historico/estruturas/ESTRUTURA_REPOSITORIO_V129.md,ESTRUTURA_REPOSITORIO_V129.md,estrutura_repositorio,129,V121_V150,3,211,Estrutura do repositório V129,# Estrutura do repositório V129 | A V129 adiciona a auditoria `AUDITORIA_PARAMETROS_PRODUTOS_SWITCHING_V129.md` e propaga metadados de aplicação mínima/máxima do ranking Carteira-only para o fluxo temporal.
relatorios/historico/estruturas/ESTRUTURA_REPOSITORIO_V130.md,ESTRUTURA_REPOSITORIO_V130.md,estrutura_repositorio,130,V121_V150,3,236,Estrutura do repositório V130,"# Estrutura do repositório V130 | A V130 adiciona os diagnósticos `inspecionar_grade_diaria_parametrizada_v130.py` e `consolidar_grade_diaria_parametrizada_v130.py`, além do relatório `AVALIACAO_DIARIA_PARAMETRIZADA_JANELA_V130.md`."
relatorios/historico/estruturas/ESTRUTURA_REPOSITORIO_V131.md,ESTRUTURA_REPOSITORIO_V131.md,estrutura_repositorio,131,V121_V150,9,329,Estrutura do repositório — V131,# Estrutura do repositório — V131 | A V131 adiciona: | - `relatorios/atuais/AUDITORIA_CIRURGICA_BLOCO_8500_PICPAY_V131.md` | - `scripts/diagnostico/inspecionar_auditoria_cirurgica_bloco_8500_picpay_v131.py` | - `saidas/operacional/auditoria_cirurgica_bloco_8500_picpay_v131.json`
relatorios/historico/estruturas/ESTRUTURA_REPOSITORIO_V132.md,ESTRUTURA_REPOSITORIO_V132.md,estrutura_repositorio,132,V121_V150,10,415,Estrutura do repositório V132,# Estrutura do repositório V132 | Novos artefatos principais: | - `nucleo/comparador_hibrido_switching_v1.py` | - `scripts/diagnostico/inspecionar_comparador_hibrido_switching_v132.py` | - `relatorios/atuais/COMPARADOR_HIBRIDO_SWITCHING_V132.md` | - `saidas/operacional/comparador_hibrido_switching_v132.json`
relatorios/historico/estruturas/ESTRUTURA_REPOSITORIO_V133.md,ESTRUTURA_REPOSITORIO_V133.md,estrutura_repositorio,133,V121_V150,7,348,Estrutura do repositório V133,# Estrutura do repositório V133 | Arquivos novos principais: | - `nucleo/comparador_hibrido_switching_v1.py` já existente e agora integrado ao fluxo oficial; | - `scripts/diagnostico/inspecionar_grade_diaria_hibrida_v133.py`; | - `scripts/diagnostico/consolidar_grade_diaria_hibrida_v133.py`; | - `relatorios/atuais/GRADE_DIARIA_OFICIAL_HIBRIDA_V133.md`.
relatorios/historico/estruturas/ESTRUTURA_REPOSITORIO_V134.md,ESTRUTURA_REPOSITORIO_V134.md,estrutura_repositorio,134,V121_V150,3,175,Estrutura do repositório V134,# Estrutura do repositório V134 | A V134 mantém a estrutura da V133 e adiciona os scripts/artefatos da expansão do fluxo oficial híbrido para o horizonte após 2026-05-20.
relatorios/historico/estruturas/ESTRUTURA_REPOSITORIO_V135.md,ESTRUTURA_REPOSITORIO_V135.md,estrutura_repositorio,135,V121_V150,8,345,Estrutura do repositório V135,# Estrutura do repositório V135 | A V135 mantém a estrutura funcional da V134 e adiciona apenas a camada documental de fechamento da frente temporal: | - `relatorios/atuais/AUDITORIA_FECHAMENTO_FRENTE_TEMPORAL_V135.md` | - `saidas/operacional/auditoria_fechamento_frente_temporal_v135.json` | Não há mudança de lógica econômica nesta versão.
relatorios/historico/estruturas/ESTRUTURA_REPOSITORIO_V136.md,ESTRUTURA_REPOSITORIO_V136.md,estrutura_repositorio,136,V121_V150,9,430,Estrutura do repositório V136,# Estrutura do repositório V136 | Artefatos centrais adicionados na V136: | - `scripts/diagnostico/inspecionar_ativacao_lotes_nao_aportados_futuros_v136.py` | - `scripts/diagnostico/inspecionar_grade_diaria_hibrida_v136.py` | - `scripts/diagnostico/consolidar_grade_diaria_hibrida_v136.py` | - `relatorios/atuais/AUDITORIA_ATIVACAO_LOTES_NAO_APORTADOS_FUTUROS_V136.md`
relatorios/historico/estruturas/ESTRUTURA_REPOSITORIO_V137.md,ESTRUTURA_REPOSITORIO_V137.md,estrutura_repositorio,137,V121_V150,11,456,ESTRUTURA REPOSITÓRIO V137,# ESTRUTURA REPOSITÓRIO V137 | Arquivos centrais alterados nesta versão: | - `nucleo/alocador_pagamentos_terminal_v1.py` | - `scripts/diagnostico/inspecionar_alocador_pagamentos_terminal_v137.py` | - `scripts/inspecionar_alocador_pagamentos_terminal_v137.py` | - `relatorios/atuais/ALOCADOR_PAGAMENTOS_TERMINAL_V137.md`
relatorios/historico/estruturas/ESTRUTURA_REPOSITORIO_V138.md,ESTRUTURA_REPOSITORIO_V138.md,estrutura_repositorio,138,V121_V150,6,301,ESTRUTURA REPOSITORIO V138,# ESTRUTURA REPOSITORIO V138 | - `nucleo/fluxo_pagamentos_terminal_v138.py` | - `scripts/diagnostico/inspecionar_fluxo_pagamentos_terminal_recorte_curto_v138.py` | - `scripts/inspecionar_fluxo_pagamentos_terminal_recorte_curto_v138.py` | - `relatorios/atuais/FLUXO_PAGAMENTOS_TERMINAL_RECORTE_CURTO_V138.md`
relatorios/historico/estruturas/ESTRUTURA_REPOSITORIO_V140.md,ESTRUTURA_REPOSITORIO_V140.md,estrutura_repositorio,140,V121_V150,14,665,Estrutura do repositório — V140,# Estrutura do repositório — V140 | A V140 mantém a reorganização da V139 e adiciona uma formalização explícita da trilha: | - `nucleo/pagamentos/modelos_script1/` | Arquivos novos desta etapa: | - `nucleo/pagamentos/modelos_script1/contrato_modelos_script1.py` | - `nucleo/pagamentos/modelos_script1/registro_modelos_script1.py`
relatorios/historico/estruturas/ESTRUTURA_REPOSITORIO_V55.md,ESTRUTURA_REPOSITORIO_V55.md,estrutura_repositorio,55,V031_V060,29,819,Estrutura oficial do repositório V55,# Estrutura oficial do repositório V55 | ## Código-fonte e execução | - `aplicacao/console/` → ponto de entrada canônico do console | - `aplicacao/principal.py` → wrapper de compatibilidade | - `nucleo/` → motor e camadas centrais
relatorios/historico/estruturas/ESTRUTURA_REPOSITORIO_V58.md,ESTRUTURA_REPOSITORIO_V58.md,estrutura_repositorio,58,V031_V060,49,1636,Estrutura oficial do repositório V58,# Estrutura oficial do repositório V58 | ## Orquestração canônica | - `nucleo/contexto_baseline.py` → montagem central da baseline | - `nucleo/identidade_baseline.py` → versão e nomes-base dos artefatos | - `nucleo/config_utils.py` → leitura compartilhada do config
relatorios/historico/estruturas/ESTRUTURA_REPOSITORIO_V59.md,ESTRUTURA_REPOSITORIO_V59.md,estrutura_repositorio,59,V031_V060,52,1669,Estrutura oficial do repositório V59,# Estrutura oficial do repositório V59 | ## Orquestração canônica | - `nucleo/contexto_baseline.py` → montagem central da baseline | - `nucleo/identidade_baseline.py` → versão e nomes-base dos artefatos | - `nucleo/config_utils.py` → leitura compartilhada do config
relatorios/historico/estruturas/ESTRUTURA_REPOSITORIO_V60.md,ESTRUTURA_REPOSITORIO_V60.md,estrutura_repositorio,60,V031_V060,57,1917,Estrutura oficial do repositório V60,# Estrutura oficial do repositório V60 | ## Orquestração canônica | - `nucleo/contexto_baseline.py` → montagem central da baseline | - `nucleo/identidade_baseline.py` → versão e nomes-base dos artefatos | - `nucleo/config_utils.py` → leitura compartilhada do config
relatorios/historico/estruturas/ESTRUTURA_REPOSITORIO_V61.md,ESTRUTURA_REPOSITORIO_V61.md,estrutura_repositorio,61,V061_V090,59,2135,Estrutura oficial do repositório V61,# Estrutura oficial do repositório V61 | ## Orquestração canônica | - `nucleo/contexto_baseline.py` → montagem central da baseline e derivação de `recebidos_auditaveis` | - `nucleo/identidade_baseline.py` → versão e nomes-base dos artefatos | - `nucleo/config_utils.py` → leitura compartilhada do config
relatorios/historico/estruturas/ESTRUTURA_REPOSITORIO_V62.md,ESTRUTURA_REPOSITORIO_V62.md,estrutura_repositorio,62,V061_V090,61,2389,Estrutura oficial do repositório V62,# Estrutura oficial do repositório V62 | ## Orquestração canônica | - `nucleo/contexto_baseline.py` → montagem central da baseline e derivação de `recebidos_auditaveis` e `fontes_elegiveis_pagamento` | - `nucleo/identidade_baseline.py` → versão e nomes-base dos artefatos | - `nucleo/config_utils.py` → leitura compartilhada do config
relatorios/historico/estruturas/ESTRUTURA_REPOSITORIO_V63.md,ESTRUTURA_REPOSITORIO_V63.md,estrutura_repositorio,63,V061_V090,61,2388,Estrutura oficial do repositório V63,# Estrutura oficial do repositório V63 | ## Orquestração canônica | - `nucleo/contexto_baseline.py` → montagem central da baseline e derivação de `recebidos_auditaveis` e `fontes_elegiveis_pagamento` | - `nucleo/identidade_baseline.py` → versão e nomes-base dos artefatos | - `nucleo/config_utils.py` → leitura compartilhada do config
relatorios/historico/estruturas/ESTRUTURA_REPOSITORIO_V64.md,ESTRUTURA_REPOSITORIO_V64.md,estrutura_repositorio,64,V061_V090,61,2388,Estrutura oficial do repositório V64,# Estrutura oficial do repositório V64 | ## Orquestração canônica | - `nucleo/contexto_baseline.py` → montagem central da baseline e derivação de `recebidos_auditaveis` e `fontes_elegiveis_pagamento` | - `nucleo/identidade_baseline.py` → versão e nomes-base dos artefatos | - `nucleo/config_utils.py` → leitura compartilhada do config
relatorios/historico/estruturas/ESTRUTURA_REPOSITORIO_V65.md,ESTRUTURA_REPOSITORIO_V65.md,estrutura_repositorio,65,V061_V090,62,2496,Estrutura oficial do repositório V65,# Estrutura oficial do repositório V65 | ## Orquestração canônica | - `nucleo/contexto_baseline.py` → montagem central da baseline e derivação de `recebidos_auditaveis` e `fontes_elegiveis_pagamento` | - `nucleo/identidade_baseline.py` → versão e nomes-base dos artefatos | - `nucleo/config_utils.py` → leitura compartilhada do config
relatorios/historico/estruturas/ESTRUTURA_REPOSITORIO_V66.md,ESTRUTURA_REPOSITORIO_V66.md,estrutura_repositorio,66,V061_V090,63,2647,Estrutura oficial do repositório V66,# Estrutura oficial do repositório V66 | ## Orquestração canônica | - `nucleo/contexto_baseline.py` → montagem central da baseline e derivação de `recebidos_auditaveis` e `fontes_elegiveis_pagamento` | - `nucleo/identidade_baseline.py` → versão e nomes-base dos artefatos | - `nucleo/config_utils.py` → leitura compartilhada do config
relatorios/historico/estruturas/ESTRUTURA_REPOSITORIO_V67.md,ESTRUTURA_REPOSITORIO_V67.md,estrutura_repositorio,67,V061_V090,63,2647,Estrutura oficial do repositório V67,# Estrutura oficial do repositório V67 | ## Orquestração canônica | - `nucleo/contexto_baseline.py` → montagem central da baseline e derivação de `recebidos_auditaveis` e `fontes_elegiveis_pagamento` | - `nucleo/identidade_baseline.py` → versão e nomes-base dos artefatos | - `nucleo/config_utils.py` → leitura compartilhada do config
relatorios/historico/estruturas/ESTRUTURA_REPOSITORIO_V68.md,ESTRUTURA_REPOSITORIO_V68.md,estrutura_repositorio,68,V061_V090,63,2613,Estrutura oficial do repositório V68,# Estrutura oficial do repositório V68 | ## Orquestração canônica | - `nucleo/contexto_baseline.py` → montagem central da baseline e derivação de `recebidos_auditaveis` e `fontes_elegiveis_pagamento` | - `nucleo/identidade_baseline.py` → versão e nomes-base dos artefatos | - `nucleo/config_utils.py` → leitura compartilhada do config
relatorios/historico/estruturas/ESTRUTURA_REPOSITORIO_V69.md,ESTRUTURA_REPOSITORIO_V69.md,estrutura_repositorio,69,V061_V090,65,2847,Estrutura oficial do repositório V69,"# Estrutura oficial do repositório V69 | ## Orquestração canônica | - `nucleo/contexto_baseline.py` → montagem central da baseline e derivação de `recebidos_auditaveis`, `fontes_elegiveis_pagamento` e `saldo_disponivel_geral` | - `nucleo/identidade_baseline.py` → versão e nomes-base dos artefatos | - `nucleo/config_utils.py` → leitura compartilhada do config"
relatorios/historico/estruturas/ESTRUTURA_REPOSITORIO_V71.md,ESTRUTURA_REPOSITORIO_V71.md,estrutura_repositorio,71,V061_V090,67,3110,Estrutura oficial do repositório V71,"# Estrutura oficial do repositório V71 | ## Orquestração canônica | - `nucleo/contexto_baseline.py` → montagem central da baseline e derivação de `recebidos_auditaveis`, `fontes_elegiveis_pagamento` e `saldo_disponivel_geral e decisao_local_v1 com proxy econômico v2` | - `nucleo/identidade_baseline.py` → versão e nomes-base dos artefatos | - `nucleo/config_utils.py` → leitura compartilhada do config"
relatorios/historico/estruturas/ESTRUTURA_REPOSITORIO_V72.md,ESTRUTURA_REPOSITORIO_V72.md,estrutura_repositorio,72,V061_V090,67,3110,Estrutura oficial do repositório V72,"# Estrutura oficial do repositório V72 | ## Orquestração canônica | - `nucleo/contexto_baseline.py` → montagem central da baseline e derivação de `recebidos_auditaveis`, `fontes_elegiveis_pagamento` e `saldo_disponivel_geral e decisao_local_v1 com proxy econômico v3` | - `nucleo/identidade_baseline.py` → versão e nomes-base dos artefatos | - `nucleo/config_utils.py` → leitura compartilhada do config"
relatorios/historico/estruturas/ESTRUTURA_REPOSITORIO_V73.md,ESTRUTURA_REPOSITORIO_V73.md,estrutura_repositorio,73,V061_V090,33,1588,Estrutura oficial do repositório V73,"# Estrutura oficial do repositório V73 | ## Núcleo | - `nucleo/contexto_baseline.py` → montagem central da baseline e derivação de `recebidos_auditaveis`, `fontes_elegiveis_pagamento`, `saldo_disponivel_geral` e `decisao_local_v1`; | - `nucleo/identidade_baseline.py` → identidade da baseline e nomes canônicos de artefatos; | - `nucleo/caixa_recebidos_auditaveis.py` → contrato mínimo da F1 + materialização de `recebido_auditavel`, `fonte_elegivel_pagamento`, `saldo_disponivel_geral`, `decisao_local_v1` e auditoria comparativa `proxy v2 vs v3`."
relatorios/historico/estruturas/ESTRUTURA_REPOSITORIO_V74.md,ESTRUTURA_REPOSITORIO_V74.md,estrutura_repositorio,74,V061_V090,34,1691,Estrutura oficial do repositório V74,"# Estrutura oficial do repositório V74 | ## Núcleo | - `nucleo/contexto_baseline.py` → montagem central da baseline e derivação de `recebidos_auditaveis`, `fontes_elegiveis_pagamento`, `saldo_disponivel_geral` e `decisao_local_v1`; | - `nucleo/identidade_baseline.py` → identidade da baseline e nomes canônicos de artefatos; | - `nucleo/caixa_recebidos_auditaveis.py` → contrato mínimo da F1 + materialização de `recebido_auditavel`, `fonte_elegivel_pagamento`, `saldo_disponivel_geral`, `decisao_local_v1` e auditoria comparativa `proxy v2 vs v3`."
relatorios/historico/estruturas/ESTRUTURA_REPOSITORIO_V75.md,ESTRUTURA_REPOSITORIO_V75.md,estrutura_repositorio,75,V061_V090,45,1782,Estrutura do repositório V75,# Estrutura do repositório V75 | ## Núcleo da baseline | - `nucleo/contexto_baseline.py` — montagem central da baseline | - `nucleo/identidade_baseline.py` — identidade da V75 e nomes-base de artefatos | - `nucleo/caixa_recebidos_auditaveis.py` — estruturas materializadas da F1 | - `nucleo/replay_passado_controlado.py` — replay mínimo observável do passado
relatorios/historico/estruturas/ESTRUTURA_REPOSITORIO_V76.md,ESTRUTURA_REPOSITORIO_V76.md,estrutura_repositorio,76,V061_V090,47,1947,Estrutura do repositório V76,# Estrutura do repositório V76 | ## Núcleo da baseline | - `nucleo/contexto_baseline.py` — montagem central da baseline | - `nucleo/identidade_baseline.py` — identidade da V76 e nomes-base de artefatos | - `nucleo/caixa_recebidos_auditaveis.py` — estruturas materializadas da F1 | - `nucleo/replay_passado_controlado.py` — replay mínimo observável do passado
relatorios/historico/estruturas/ESTRUTURA_REPOSITORIO_V77.md,ESTRUTURA_REPOSITORIO_V77.md,estrutura_repositorio,77,V061_V090,54,2152,Estrutura do repositório V77,# Estrutura do repositório V77 | ## Núcleo da baseline | - `nucleo/contexto_baseline.py` — montagem central da baseline | - `nucleo/identidade_baseline.py` — identidade da V77 e nomes-base de artefatos | - `nucleo/caixa_recebidos_auditaveis.py` — estruturas materializadas da F1 | - `nucleo/replay_passado_controlado.py` — replay mínimo observável do passado
relatorios/historico/estruturas/ESTRUTURA_REPOSITORIO_V78.md,ESTRUTURA_REPOSITORIO_V78.md,estrutura_repositorio,78,V061_V090,60,2340,Estrutura do repositório V78,# Estrutura do repositório V78 | ## Núcleo da baseline | - `nucleo/contexto_baseline.py` — montagem central da baseline | - `nucleo/identidade_baseline.py` — identidade da V78 e nomes-base de artefatos | - `nucleo/caixa_recebidos_auditaveis.py` — estruturas materializadas da F1 | - `nucleo/replay_passado_controlado.py` — replay mínimo observável do passado
relatorios/historico/estruturas/ESTRUTURA_REPOSITORIO_V79.md,ESTRUTURA_REPOSITORIO_V79.md,estrutura_repositorio,79,V061_V090,67,2604,Estrutura do repositório V79,# Estrutura do repositório V79 | ## Núcleo da baseline | - `nucleo/contexto_baseline.py` — montagem central da baseline | - `nucleo/identidade_baseline.py` — identidade da V79 e nomes-base de artefatos | - `nucleo/caixa_recebidos_auditaveis.py` — estruturas materializadas da F1 | - `nucleo/replay_passado_controlado.py` — replay mínimo observável do passado
relatorios/historico/estruturas/ESTRUTURA_REPOSITORIO_V80.md,ESTRUTURA_REPOSITORIO_V80.md,estrutura_repositorio,80,V061_V090,19,878,Estrutura do repositório V80,# Estrutura do repositório V80 | ## Camadas novas da V80 | - `scripts/diagnostico/inspecionar_casos_reaproveitaveis_proxy_v3_vs_hibrido_shadow.py` | - `scripts/inspecionar_casos_reaproveitaveis_proxy_v3_vs_hibrido_shadow.py` | - `relatorios/atuais/AUDITORIA_CIRURGICA_42_CASOS_REAPROVEITAVEIS.md`
relatorios/historico/estruturas/ESTRUTURA_REPOSITORIO_V82.md,ESTRUTURA_REPOSITORIO_V82.md,estrutura_repositorio,82,V061_V090,20,965,Estrutura do repositório V82,# Estrutura do repositório V82 | ## Camadas novas da V82 | - `scripts/diagnostico/inspecionar_transicao_dominante_proxy_v3_vs_hibrido_shadow.py` | - `scripts/inspecionar_transicao_dominante_proxy_v3_vs_hibrido_shadow.py` | - `relatorios/atuais/AUDITORIA_FINA_TRANSICAO_DOMINANTE_3000B_8500MAR.md`
relatorios/historico/estruturas/ESTRUTURA_REPOSITORIO_V83.md,ESTRUTURA_REPOSITORIO_V83.md,estrutura_repositorio,83,V061_V090,20,965,Estrutura do repositório V83,# Estrutura do repositório V83 | ## Camadas novas da V83 | - `scripts/diagnostico/inspecionar_transicao_dominante_proxy_v3_vs_hibrido_shadow.py` | - `scripts/inspecionar_transicao_dominante_proxy_v3_vs_hibrido_shadow.py` | - `relatorios/atuais/AUDITORIA_FINA_TRANSICAO_DOMINANTE_3000B_8500MAR.md`
relatorios/historico/estruturas/ESTRUTURA_REPOSITORIO_V84.md,ESTRUTURA_REPOSITORIO_V84.md,estrutura_repositorio,84,V061_V090,16,496,Estrutura do repositório V84,# Estrutura do repositório V84 | ## Camada nova da V84 | - `scripts/diagnostico/inspecionar_auditoria_estrutural_redundancia.py`; | - `scripts/inspecionar_auditoria_estrutural_redundancia.py`; | - `relatorios/atuais/AUDITORIA_ESTRUTURAL_REDUNDANCIA_COMPATIBILIDADE.md`.
relatorios/historico/estruturas/ESTRUTURA_REPOSITORIO_V85.md,ESTRUTURA_REPOSITORIO_V85.md,estrutura_repositorio,85,V061_V090,16,496,Estrutura do repositório V85,# Estrutura do repositório V85 | ## Camada nova da V85 | - `scripts/diagnostico/inspecionar_auditoria_estrutural_redundancia.py`; | - `scripts/inspecionar_auditoria_estrutural_redundancia.py`; | - `relatorios/atuais/AUDITORIA_ESTRUTURAL_REDUNDANCIA_COMPATIBILIDADE.md`.
relatorios/historico/estruturas/ESTRUTURA_REPOSITORIO_V86.md,ESTRUTURA_REPOSITORIO_V86.md,estrutura_repositorio,86,V061_V090,16,496,Estrutura do repositório V86,# Estrutura do repositório V86 | ## Camada nova da V86 | - `scripts/diagnostico/inspecionar_auditoria_estrutural_redundancia.py`; | - `scripts/inspecionar_auditoria_estrutural_redundancia.py`; | - `relatorios/atuais/AUDITORIA_ESTRUTURAL_REDUNDANCIA_COMPATIBILIDADE.md`.
relatorios/historico/estruturas/ESTRUTURA_REPOSITORIO_V87.md,ESTRUTURA_REPOSITORIO_V87.md,estrutura_repositorio,87,V061_V090,13,449,Estrutura do repositório V88,# Estrutura do repositório V88 | ## Camada nova da V88 | - `scripts/diagnostico/inspecionar_mapa_execucao_principal_script2.py`; | - `scripts/inspecionar_mapa_execucao_principal_script2.py`; | - `relatorios/atuais/MAPA_ABSORCAO_EXECUCAO_PRINCIPAL_SCRIPT_2.md`.
relatorios/historico/estruturas/ESTRUTURA_REPOSITORIO_V88.md,ESTRUTURA_REPOSITORIO_V88.md,estrutura_repositorio,88,V061_V090,13,449,Estrutura do repositório V88,# Estrutura do repositório V88 | ## Camada nova da V88 | - `scripts/diagnostico/inspecionar_mapa_execucao_principal_script2.py`; | - `scripts/inspecionar_mapa_execucao_principal_script2.py`; | - `relatorios/atuais/MAPA_ABSORCAO_EXECUCAO_PRINCIPAL_SCRIPT_2.md`.
relatorios/historico/estruturas/ESTRUTURA_REPOSITORIO_V89.md,ESTRUTURA_REPOSITORIO_V89.md,estrutura_repositorio,89,V061_V090,19,716,Estrutura do repositório V89,# Estrutura do repositório V89 | ## Camada nova da V89 | - `scripts/diagnostico/inspecionar_mapa_execucao_principal_script2.py`; | - `scripts/inspecionar_mapa_execucao_principal_script2.py`; | - `relatorios/atuais/MAPA_ABSORCAO_EXECUCAO_PRINCIPAL_SCRIPT_2.md`.
relatorios/historico/estruturas/ESTRUTURA_REPOSITORIO_V90.md,ESTRUTURA_REPOSITORIO_V90.md,estrutura_repositorio,90,V061_V090,9,386,Estrutura do repositório V90,# Estrutura do repositório V90 | ## Camada nova da V90 | A V90 não abre nova camada funcional. Ela realiza apenas uma correção de execução local na leitura/download da planilha financeira. | ## Papel da V90
relatorios/historico/estruturas/ESTRUTURA_REPOSITORIO_V91.md,ESTRUTURA_REPOSITORIO_V91.md,estrutura_repositorio,91,V091_V120,9,386,Estrutura do repositório V91,# Estrutura do repositório V91 | ## Camada nova da V91 | A V91 não abre nova camada funcional. Ela realiza apenas uma correção de execução local na leitura/download da planilha financeira. | ## Papel da V91
relatorios/historico/estruturas/ESTRUTURA_REPOSITORIO_V92.md,ESTRUTURA_REPOSITORIO_V92.md,estrutura_repositorio,92,V091_V120,9,405,Estrutura do repositório V92,# Estrutura do repositório V92 | ## Camada nova da V92 | A V92 abre a camada `benchmark_runner_futuro_shadow` como absorção diagnóstica inicial do runner de simulação futura do Script 2 correto. | ## Papel da V92
relatorios/historico/estruturas/ESTRUTURA_REPOSITORIO_V93.md,ESTRUTURA_REPOSITORIO_V93.md,estrutura_repositorio,93,V091_V120,9,452,Estrutura do repositório V93,"# Estrutura do repositório V93 | ## Camada nova da V93 | A V93 abre a camada `auditoria_runner_futuro_shadow` como auditoria diagnóstica dos casos sem cobertura integral do benchmark do runner futuro shadow, com subbloco final dos casos multifonte. | ## Papel da V93"
relatorios/historico/estruturas/ESTRUTURA_REPOSITORIO_V94.md,ESTRUTURA_REPOSITORIO_V94.md,estrutura_repositorio,94,V091_V120,9,452,Estrutura do repositório V94,"# Estrutura do repositório V94 | ## Camada nova da V94 | A V94 abre a camada `auditoria_runner_futuro_shadow` como auditoria diagnóstica dos casos sem cobertura integral do benchmark do runner futuro shadow, com subbloco final dos casos multifonte. | ## Papel da V94"
relatorios/historico/estruturas/ESTRUTURA_REPOSITORIO_V95.md,ESTRUTURA_REPOSITORIO_V95.md,estrutura_repositorio,95,V091_V120,9,492,Estrutura do repositório V95,"# Estrutura do repositório V95 | ## Camada nova da V95 | A V95 adiciona uma camada leve de observabilidade ao console principal, usando o histórico do `replay_passado` para exibir uma amostra dos pagamentos já realizados e a agenda de `gastos_canonicos` para exibir os próximos pagamentos. | ## Papel da V95"
relatorios/historico/estruturas/ESTRUTURA_REPOSITORIO_V96.md,ESTRUTURA_REPOSITORIO_V96.md,estrutura_repositorio,96,V091_V120,9,470,Estrutura do repositório V96,"# Estrutura do repositório V96 | ## Camada nova da V96 | A V96 adiciona uma camada leve de observabilidade ao console principal, usando o histórico do `replay_passado` para exibir uma amostra dos pagamentos já realizados e a agenda de `gastos_canonicos` para exibir os próximos pagamentos. | ## Papel da V96"
relatorios/historico/estruturas/ESTRUTURA_REPOSITORIO_V97.md,ESTRUTURA_REPOSITORIO_V97.md,estrutura_repositorio,97,V091_V120,9,470,Estrutura do repositório V97,"# Estrutura do repositório V97 | ## Camada nova da V97 | A V97 adiciona uma camada leve de observabilidade ao console principal, usando o histórico do `replay_passado` para exibir uma amostra dos pagamentos já realizados e a agenda de `gastos_canonicos` para exibir os próximos pagamentos. | ## Papel da V97"
relatorios/historico/estruturas/ESTRUTURA_REPOSITORIO_V98.md,ESTRUTURA_REPOSITORIO_V98.md,estrutura_repositorio,98,V091_V120,14,736,Estrutura do repositório V98,"# Estrutura do repositório V98 | ## Camada nova da V98 | A V98 adiciona uma camada leve de observabilidade ao console principal, usando o histórico do `replay_passado` para exibir uma amostra dos pagamentos já realizados e a agenda de `gastos_canonicos` para exibir os próximos pagamentos. | ## Papel da V98"
relatorios/historico/estruturas/ESTRUTURA_REPOSITORIO_V99.md,ESTRUTURA_REPOSITORIO_V99.md,estrutura_repositorio,99,V091_V120,19,965,Estrutura do repositório V99,"# Estrutura do repositório V99 | ## Camada nova da V99 | A V99 adiciona uma camada leve de observabilidade ao console principal, usando o histórico do `replay_passado` para exibir uma amostra dos pagamentos já realizados e a agenda de `gastos_canonicos` para exibir os próximos pagamentos. | ## Papel da V99"
relatorios/historico/estruturas/etapa_modelos_script1/PREPARACAO_MODELOS_SCRIPT1_PAGAMENTOS_V139.md,PREPARACAO_MODELOS_SCRIPT1_PAGAMENTOS_V139.md,subpasta_etapa_modelos_script1,139,V121_V150,21,1019,Preparação para absorção dos modelos do Script 1 — V139,# Preparação para absorção dos modelos do Script 1 — V139 | Esta etapa não reimplementa ainda os modelos do Script 1. Ela apenas prepara a base do repositório para recebê-los na próxima frente sem aumentar acoplamento estrutural. | ## Decisão | Os modelos do Script 1 devem entrar **depois** da reorganização documental/operacional da V139 e **antes** da expansão do fluxo real de pagamentos para blocos maiores. | ## Camada alvo
