arquivo,subpasta_nivel_2,subpasta_nivel_3,nome,extensao,tamanho_bytes,linhas,versao_detectada
relatorios/historico/artefatos_soltos/extracao_runner_simulador_v157_manifest.json,relatorios/historico,relatorios/historico/artefatos_soltos,extracao_runner_simulador_v157_manifest.json,.json,615,19,157
relatorios/historico/artefatos_soltos/release_check_v177.txt,relatorios/historico,relatorios/historico/artefatos_soltos,release_check_v177.txt,.txt,41,1,177
relatorios/historico/auditorias_especificas/AUDITORIA_ARQUITETURAL_V3.md,relatorios/historico,relatorios/historico/auditorias_especificas,AUDITORIA_ARQUITETURAL_V3.md,.md,2012,49,3
relatorios/historico/auditorias_especificas/AUDITORIA_ATIVACAO_E_EXPANSAO_FUTUROS_V136.md,relatorios/historico,relatorios/historico/auditorias_especificas,AUDITORIA_ATIVACAO_E_EXPANSAO_FUTUROS_V136.md,.md,2747,53,136
relatorios/historico/auditorias_especificas/AUDITORIA_ATIVACAO_LOTES_NAO_APORTADOS_FUTUROS_V136.md,relatorios/historico,relatorios/historico/auditorias_especificas,AUDITORIA_ATIVACAO_LOTES_NAO_APORTADOS_FUTUROS_V136.md,.md,1820,35,136
relatorios/historico/auditorias_especificas/AUDITORIA_CHAVE_TAU_V149_2026-05-04.md,relatorios/historico,relatorios/historico/auditorias_especificas,AUDITORIA_CHAVE_TAU_V149_2026-05-04.md,.md,1714,26,149
relatorios/historico/auditorias_especificas/AUDITORIA_CORRECAO_FLATTENING_V148_2026-05-04.md,relatorios/historico,relatorios/historico/auditorias_especificas,AUDITORIA_CORRECAO_FLATTENING_V148_2026-05-04.md,.md,2112,62,148
relatorios/historico/auditorias_especificas/AUDITORIA_DUPLICACAO_SCRIPTS_V154.md,relatorios/historico,relatorios/historico/auditorias_especificas,AUDITORIA_DUPLICACAO_SCRIPTS_V154.md,.md,2999,71,154
relatorios/historico/auditorias_especificas/AUDITORIA_FECHAMENTO_FRENTE_TEMPORAL_V135.md,relatorios/historico,relatorios/historico/auditorias_especificas,AUDITORIA_FECHAMENTO_FRENTE_TEMPORAL_V135.md,.md,4084,101,135
relatorios/historico/auditorias_especificas/AUDITORIA_JANELA_TAU_SEM_GATE_V151_2026-05-04_2026-05-12.md,relatorios/historico,relatorios/historico/auditorias_especificas,AUDITORIA_JANELA_TAU_SEM_GATE_V151_2026-05-04_2026-05-12.md,.md,5837,94,151
relatorios/historico/auditorias_especificas/AUDITORIA_JANELA_TAU_V150_2026-05-04_2026-05-12.md,relatorios/historico,relatorios/historico/auditorias_especificas,AUDITORIA_JANELA_TAU_V150_2026-05-04_2026-05-12.md,.md,2618,78,150
relatorios/historico/auditorias_especificas/AUDITORIA_LOTE_5680_ABR_V37.md,relatorios/historico,relatorios/historico/auditorias_especificas,AUDITORIA_LOTE_5680_ABR_V37.md,.md,1388,30,37
relatorios/historico/auditorias_especificas/AUDITORIA_POS_VENCIMENTO_V145.md,relatorios/historico,relatorios/historico/auditorias_especificas,AUDITORIA_POS_VENCIMENTO_V145.md,.md,5712,132,145
relatorios/historico/auditorias_especificas/AUDITORIA_REPOSITORIO_V142.md,relatorios/historico,relatorios/historico/auditorias_especificas,AUDITORIA_REPOSITORIO_V142.md,.md,2272,30,142
relatorios/historico/auditorias_especificas/AUDITORIA_TEMATICA_SCRIPTS_TEMPORAIS_V155.md,relatorios/historico,relatorios/historico/auditorias_especificas,AUDITORIA_TEMATICA_SCRIPTS_TEMPORAIS_V155.md,.md,2436,62,155
relatorios/historico/auditorias_especificas/RECALIBRACAO_PLANEJADOR_SWITCHING_TEMPORAL_V120.md,relatorios/historico,relatorios/historico/auditorias_especificas,RECALIBRACAO_PLANEJADOR_SWITCHING_TEMPORAL_V120.md,.md,1135,28,120
relatorios/historico/auditorias_especificas/RECOMPUTACAO_SEQUENCIAL_CENTRAL_V107.md,relatorios/historico,relatorios/historico/auditorias_especificas,RECOMPUTACAO_SEQUENCIAL_CENTRAL_V107.md,.md,950,26,107
relatorios/historico/auditorias_especificas/REORGANIZACAO_ESTRUTURAL_V153.md,relatorios/historico,relatorios/historico/auditorias_especificas,REORGANIZACAO_ESTRUTURAL_V153.md,.md,4459,113,153
relatorios/historico/auditorias_especificas/VALIDACAO_LOCAL_V139.md,relatorios/historico,relatorios/historico/auditorias_especificas,VALIDACAO_LOCAL_V139.md,.md,296,7,139
relatorios/historico/auditorias_especificas/VALIDACAO_LOCAL_V141.md,relatorios/historico,relatorios/historico/auditorias_especificas,VALIDACAO_LOCAL_V141.md,.md,519,12,141
relatorios/historico/auditorias_especificas/VALIDACAO_LOTE_10342_FEV_V36.md,relatorios/historico,relatorios/historico/auditorias_especificas,VALIDACAO_LOTE_10342_FEV_V36.md,.md,2915,82,36
relatorios/historico/auditorias_especificas/VALIDACAO_LOTE_5400_FEV_V35.md,relatorios/historico,relatorios/historico/auditorias_especificas,VALIDACAO_LOTE_5400_FEV_V35.md,.md,1214,25,35
relatorios/historico/auditorias_especificas/ranking/AUDITORIA_RANKING_CARTEIRA_V123.md,relatorios/historico,relatorios/historico/auditorias_especificas,AUDITORIA_RANKING_CARTEIRA_V123.md,.md,890,15,123
relatorios/historico/auditorias_especificas/ranking/SIMULACAO_CENTRAL_CONTROLADA_HORIZONTE_LONGO_V124.md,relatorios/historico,relatorios/historico/auditorias_especificas,SIMULACAO_CENTRAL_CONTROLADA_HORIZONTE_LONGO_V124.md,.md,7395,149,124
relatorios/historico/auditorias_especificas/ranking/TESTE_HORIZONTE_LONGO_PLANEJADOR_SWITCHING_TEMPORAL_V122.md,relatorios/historico,relatorios/historico/auditorias_especificas,TESTE_HORIZONTE_LONGO_PLANEJADOR_SWITCHING_TEMPORAL_V122.md,.md,4889,103,122
relatorios/historico/auditorias_especificas/ranking/TESTE_HORIZONTE_LONGO_PLANEJADOR_SWITCHING_TEMPORAL_V123.md,relatorios/historico,relatorios/historico/auditorias_especificas,TESTE_HORIZONTE_LONGO_PLANEJADOR_SWITCHING_TEMPORAL_V123.md,.md,4889,103,123
relatorios/historico/auditorias_especificas/reorganizacao/AUDITORIA_ESTRUTURAL_REDUNDANCIA_COMPATIBILIDADE.md,relatorios/historico,relatorios/historico/auditorias_especificas,AUDITORIA_ESTRUTURAL_REDUNDANCIA_COMPATIBILIDADE.md,.md,3065,60,
relatorios/historico/auditorias_especificas/reorganizacao/CONSOLIDACAO_HELPERS_DUPLICADOS_BAIXO_RISCO.md,relatorios/historico,relatorios/historico/auditorias_especificas,CONSOLIDACAO_HELPERS_DUPLICADOS_BAIXO_RISCO.md,.md,1730,39,
relatorios/historico/auditorias_especificas/reorganizacao/REORGANIZACAO_REPOSITORIO_V115.md,relatorios/historico,relatorios/historico/auditorias_especificas,REORGANIZACAO_REPOSITORIO_V115.md,.md,1383,29,115
relatorios/historico/auditorias_especificas/reorganizacao/SANEAMENTO_CONTRATUAL_V106.md,relatorios/historico,relatorios/historico/auditorias_especificas,SANEAMENTO_CONTRATUAL_V106.md,.md,2182,51,106
relatorios/historico/auditorias_especificas/shadow_legacy/AUDITORIA_CASOS_CRITICOS_RUNNER_FUTURO_SHADOW.md,relatorios/historico,relatorios/historico/auditorias_especificas,AUDITORIA_CASOS_CRITICOS_RUNNER_FUTURO_SHADOW.md,.md,850,15,
relatorios/historico/auditorias_especificas/shadow_legacy/AUDITORIA_PRIMEIRA_QUEBRA_RUNNER_FUTURO_SHADOW.md,relatorios/historico,relatorios/historico/auditorias_especificas,AUDITORIA_PRIMEIRA_QUEBRA_RUNNER_FUTURO_SHADOW.md,.md,787,16,
relatorios/historico/auditorias_especificas/shadow_legacy/BENCHMARK_SHADOW_AGRUPADO_VS_INDIVIDUAL_SCRIPT1.md,relatorios/historico,relatorios/historico/auditorias_especificas,BENCHMARK_SHADOW_AGRUPADO_VS_INDIVIDUAL_SCRIPT1.md,.md,1723,32,
relatorios/historico/auditorias_especificas/shadow_legacy/BENCHMARK_SHADOW_RUNNER_SIMULACAO_FUTURA_SCRIPT2.md,relatorios/historico,relatorios/historico/auditorias_especificas,BENCHMARK_SHADOW_RUNNER_SIMULACAO_FUTURA_SCRIPT2.md,.md,1686,32,
relatorios/historico/auditorias_especificas/shadow_legacy/MAPA_ABSORCAO_EXECUCAO_PRINCIPAL_SCRIPT_2.md,relatorios/historico,relatorios/historico/auditorias_especificas,MAPA_ABSORCAO_EXECUCAO_PRINCIPAL_SCRIPT_2.md,.md,4524,78,
relatorios/historico/auditorias_especificas/temporal/AUDITORIA_CIRURGICA_42_CASOS_REAPROVEITAVEIS.md,relatorios/historico,relatorios/historico/auditorias_especificas,AUDITORIA_CIRURGICA_42_CASOS_REAPROVEITAVEIS.md,.md,1285,32,
relatorios/historico/auditorias_especificas/temporal/AUDITORIA_CIRURGICA_BLOCO_8500_PICPAY_V131.md,relatorios/historico,relatorios/historico/auditorias_especificas,AUDITORIA_CIRURGICA_BLOCO_8500_PICPAY_V131.md,.md,8939,121,131
relatorios/historico/auditorias_especificas/temporal/AUDITORIA_COMPARADOR_MOTOR_RECOMENDACAO_V116.md,relatorios/historico,relatorios/historico/auditorias_especificas,AUDITORIA_COMPARADOR_MOTOR_RECOMENDACAO_V116.md,.md,1806,33,116
relatorios/historico/auditorias_especificas/temporal/AUDITORIA_FINA_TRANSICAO_DOMINANTE_3000B_8500MAR.md,relatorios/historico,relatorios/historico/auditorias_especificas,AUDITORIA_FINA_TRANSICAO_DOMINANTE_3000B_8500MAR.md,.md,1537,34,
relatorios/historico/auditorias_especificas/temporal/AUDITORIA_MULTIHORIZONTE_CENARIOS_TEMPO_V125.md,relatorios/historico,relatorios/historico/auditorias_especificas,AUDITORIA_MULTIHORIZONTE_CENARIOS_TEMPO_V125.md,.md,7405,148,125
relatorios/historico/auditorias_especificas/temporal/AUDITORIA_PARAMETROS_PRODUTOS_SWITCHING_V129.md,relatorios/historico,relatorios/historico/auditorias_especificas,AUDITORIA_PARAMETROS_PRODUTOS_SWITCHING_V129.md,.md,4214,64,129
relatorios/historico/auditorias_especificas/temporal/AUDITORIA_RESIDUAL_DIVERGENCIAS_PROXY_V3_VS_HIBRIDO.md,relatorios/historico,relatorios/historico/auditorias_especificas,AUDITORIA_RESIDUAL_DIVERGENCIAS_PROXY_V3_VS_HIBRIDO.md,.md,2366,51,3
relatorios/historico/auditorias_especificas/temporal/AVALIACAO_DIARIA_DATA_OTIMA_SWITCHING_V126.md,relatorios/historico,relatorios/historico/auditorias_especificas,AVALIACAO_DIARIA_DATA_OTIMA_SWITCHING_V126.md,.md,23539,400,126
relatorios/historico/auditorias_especificas/temporal/AVALIACAO_DIARIA_DATA_OTIMA_SWITCHING_V127.md,relatorios/historico,relatorios/historico/auditorias_especificas,AVALIACAO_DIARIA_DATA_OTIMA_SWITCHING_V127.md,.md,19794,323,127
relatorios/historico/auditorias_especificas/temporal/AVALIACAO_DIARIA_DATA_OTIMA_SWITCHING_V128.md,relatorios/historico,relatorios/historico/auditorias_especificas,AVALIACAO_DIARIA_DATA_OTIMA_SWITCHING_V128.md,.md,19346,315,128
relatorios/historico/auditorias_especificas/temporal/AVALIACAO_DIARIA_PARAMETRIZADA_JANELA_V130.md,relatorios/historico,relatorios/historico/auditorias_especificas,AVALIACAO_DIARIA_PARAMETRIZADA_JANELA_V130.md,.md,7830,89,130
relatorios/historico/auditorias_especificas/temporal/EXPANSAO_MULTIDESTINO_PLANEJADOR_SWITCHING_TEMPORAL_V121.md,relatorios/historico,relatorios/historico/auditorias_especificas,EXPANSAO_MULTIDESTINO_PLANEJADOR_SWITCHING_TEMPORAL_V121.md,.md,1451,28,121
relatorios/historico/auditorias_especificas/temporal/GRADE_DIARIA_OFICIAL_HIBRIDA_V133.md,relatorios/historico,relatorios/historico/auditorias_especificas,GRADE_DIARIA_OFICIAL_HIBRIDA_V133.md,.md,5280,47,133
relatorios/historico/auditorias_especificas/temporal/INTEGRACAO_FUNCIONAL_MINIMA_V117_RECORTE_CURTO.md,relatorios/historico,relatorios/historico/auditorias_especificas,INTEGRACAO_FUNCIONAL_MINIMA_V117_RECORTE_CURTO.md,.md,3923,128,117
relatorios/historico/auditorias_especificas/temporal/MOTOR_RECOMENDACAO_PAGAMENTOS_SWITCHING_V114.md,relatorios/historico,relatorios/historico/auditorias_especificas,MOTOR_RECOMENDACAO_PAGAMENTOS_SWITCHING_V114.md,.md,1217,35,114
relatorios/historico/baselines/BASELINE_FIXA_V10.md,relatorios/historico,relatorios/historico/baselines,BASELINE_FIXA_V10.md,.md,746,24,10
relatorios/historico/baselines/BASELINE_FIXA_V100.md,relatorios/historico,relatorios/historico/baselines,BASELINE_FIXA_V100.md,.md,1135,20,100
relatorios/historico/baselines/BASELINE_FIXA_V101.md,relatorios/historico,relatorios/historico/baselines,BASELINE_FIXA_V101.md,.md,1177,19,101
relatorios/historico/baselines/BASELINE_FIXA_V103.md,relatorios/historico,relatorios/historico/baselines,BASELINE_FIXA_V103.md,.md,908,12,103
relatorios/historico/baselines/BASELINE_FIXA_V104.md,relatorios/historico,relatorios/historico/baselines,BASELINE_FIXA_V104.md,.md,759,10,104
relatorios/historico/baselines/BASELINE_FIXA_V105.md,relatorios/historico,relatorios/historico/baselines,BASELINE_FIXA_V105.md,.md,641,14,105
relatorios/historico/baselines/BASELINE_FIXA_V106.md,relatorios/historico,relatorios/historico/baselines,BASELINE_FIXA_V106.md,.md,979,18,106
relatorios/historico/baselines/BASELINE_FIXA_V107.md,relatorios/historico,relatorios/historico/baselines,BASELINE_FIXA_V107.md,.md,412,10,107
relatorios/historico/baselines/BASELINE_FIXA_V108.md,relatorios/historico,relatorios/historico/baselines,BASELINE_FIXA_V108.md,.md,459,11,108
relatorios/historico/baselines/BASELINE_FIXA_V11.md,relatorios/historico,relatorios/historico/baselines,BASELINE_FIXA_V11.md,.md,704,20,11
relatorios/historico/baselines/BASELINE_FIXA_V114.md,relatorios/historico,relatorios/historico/baselines,BASELINE_FIXA_V114.md,.md,372,9,114
relatorios/historico/baselines/BASELINE_FIXA_V115.md,relatorios/historico,relatorios/historico/baselines,BASELINE_FIXA_V115.md,.md,600,14,115
relatorios/historico/baselines/BASELINE_FIXA_V116.md,relatorios/historico,relatorios/historico/baselines,BASELINE_FIXA_V116.md,.md,724,14,116
relatorios/historico/baselines/BASELINE_FIXA_V117.md,relatorios/historico,relatorios/historico/baselines,BASELINE_FIXA_V117.md,.md,837,14,117
relatorios/historico/baselines/BASELINE_FIXA_V118.md,relatorios/historico,relatorios/historico/baselines,BASELINE_FIXA_V118.md,.md,1243,33,118
relatorios/historico/baselines/BASELINE_FIXA_V119.md,relatorios/historico,relatorios/historico/baselines,BASELINE_FIXA_V119.md,.md,725,21,119
relatorios/historico/baselines/BASELINE_FIXA_V12.md,relatorios/historico,relatorios/historico/baselines,BASELINE_FIXA_V12.md,.md,610,18,12
relatorios/historico/baselines/BASELINE_FIXA_V120.md,relatorios/historico,relatorios/historico/baselines,BASELINE_FIXA_V120.md,.md,856,21,120
relatorios/historico/baselines/BASELINE_FIXA_V121.md,relatorios/historico,relatorios/historico/baselines,BASELINE_FIXA_V121.md,.md,1049,22,121
relatorios/historico/baselines/BASELINE_FIXA_V122.md,relatorios/historico,relatorios/historico/baselines,BASELINE_FIXA_V122.md,.md,765,20,122
relatorios/historico/baselines/BASELINE_FIXA_V123.md,relatorios/historico,relatorios/historico/baselines,BASELINE_FIXA_V123.md,.md,107,3,123
relatorios/historico/baselines/BASELINE_FIXA_V124.md,relatorios/historico,relatorios/historico/baselines,BASELINE_FIXA_V124.md,.md,190,3,124
relatorios/historico/baselines/BASELINE_FIXA_V125.md,relatorios/historico,relatorios/historico/baselines,BASELINE_FIXA_V125.md,.md,214,3,125
relatorios/historico/baselines/BASELINE_FIXA_V126.md,relatorios/historico,relatorios/historico/baselines,BASELINE_FIXA_V126.md,.md,209,3,126
relatorios/historico/baselines/BASELINE_FIXA_V127.md,relatorios/historico,relatorios/historico/baselines,BASELINE_FIXA_V127.md,.md,247,3,127
relatorios/historico/baselines/BASELINE_FIXA_V128.md,relatorios/historico,relatorios/historico/baselines,BASELINE_FIXA_V128.md,.md,231,3,128
relatorios/historico/baselines/BASELINE_FIXA_V129.md,relatorios/historico,relatorios/historico/baselines,BASELINE_FIXA_V129.md,.md,187,3,129
relatorios/historico/baselines/BASELINE_FIXA_V13.md,relatorios/historico,relatorios/historico/baselines,BASELINE_FIXA_V13.md,.md,460,14,13
relatorios/historico/baselines/BASELINE_FIXA_V130.md,relatorios/historico,relatorios/historico/baselines,BASELINE_FIXA_V130.md,.md,221,3,130
relatorios/historico/baselines/BASELINE_FIXA_V131.md,relatorios/historico,relatorios/historico/baselines,BASELINE_FIXA_V131.md,.md,277,3,131
relatorios/historico/baselines/BASELINE_FIXA_V132.md,relatorios/historico,relatorios/historico/baselines,BASELINE_FIXA_V132.md,.md,290,3,132
relatorios/historico/baselines/BASELINE_FIXA_V133.md,relatorios/historico,relatorios/historico/baselines,BASELINE_FIXA_V133.md,.md,322,5,133
relatorios/historico/baselines/BASELINE_FIXA_V134.md,relatorios/historico,relatorios/historico/baselines,BASELINE_FIXA_V134.md,.md,218,3,134
relatorios/historico/baselines/BASELINE_FIXA_V135.md,relatorios/historico,relatorios/historico/baselines,BASELINE_FIXA_V135.md,.md,288,3,135
relatorios/historico/baselines/BASELINE_FIXA_V136.md,relatorios/historico,relatorios/historico/baselines,BASELINE_FIXA_V136.md,.md,238,3,136
relatorios/historico/baselines/BASELINE_FIXA_V137.md,relatorios/historico,relatorios/historico/baselines,BASELINE_FIXA_V137.md,.md,403,6,137
relatorios/historico/baselines/BASELINE_FIXA_V138.md,relatorios/historico,relatorios/historico/baselines,BASELINE_FIXA_V138.md,.md,476,5,138
relatorios/historico/baselines/BASELINE_FIXA_V14.md,relatorios/historico,relatorios/historico/baselines,BASELINE_FIXA_V14.md,.md,166,3,14
relatorios/historico/baselines/BASELINE_FIXA_V140.md,relatorios/historico,relatorios/historico/baselines,BASELINE_FIXA_V140.md,.md,390,8,140
relatorios/historico/baselines/BASELINE_FIXA_V15.md,relatorios/historico,relatorios/historico/baselines,BASELINE_FIXA_V15.md,.md,589,19,15
relatorios/historico/baselines/BASELINE_FIXA_V16.md,relatorios/historico,relatorios/historico/baselines,BASELINE_FIXA_V16.md,.md,613,15,16
relatorios/historico/baselines/BASELINE_FIXA_V18.md,relatorios/historico,relatorios/historico/baselines,BASELINE_FIXA_V18.md,.md,480,15,18
relatorios/historico/baselines/BASELINE_FIXA_V19.md,relatorios/historico,relatorios/historico/baselines,BASELINE_FIXA_V19.md,.md,265,6,19
relatorios/historico/baselines/BASELINE_FIXA_V20.md,relatorios/historico,relatorios/historico/baselines,BASELINE_FIXA_V20.md,.md,244,3,20
relatorios/historico/baselines/BASELINE_FIXA_V21.md,relatorios/historico,relatorios/historico/baselines,BASELINE_FIXA_V21.md,.md,185,3,21
relatorios/historico/baselines/BASELINE_FIXA_V22.md,relatorios/historico,relatorios/historico/baselines,BASELINE_FIXA_V22.md,.md,496,19,22
relatorios/historico/baselines/BASELINE_FIXA_V23.md,relatorios/historico,relatorios/historico/baselines,BASELINE_FIXA_V23.md,.md,360,9,23
relatorios/historico/baselines/BASELINE_FIXA_V24.md,relatorios/historico,relatorios/historico/baselines,BASELINE_FIXA_V24.md,.md,247,3,24
relatorios/historico/baselines/BASELINE_FIXA_V25.md,relatorios/historico,relatorios/historico/baselines,BASELINE_FIXA_V25.md,.md,625,5,25
relatorios/historico/baselines/BASELINE_FIXA_V26.md,relatorios/historico,relatorios/historico/baselines,BASELINE_FIXA_V26.md,.md,115,1,26
relatorios/historico/baselines/BASELINE_FIXA_V27.md,relatorios/historico,relatorios/historico/baselines,BASELINE_FIXA_V27.md,.md,151,3,27
relatorios/historico/baselines/BASELINE_FIXA_V28.md,relatorios/historico,relatorios/historico/baselines,BASELINE_FIXA_V28.md,.md,149,1,28
relatorios/historico/baselines/BASELINE_FIXA_V29.md,relatorios/historico,relatorios/historico/baselines,BASELINE_FIXA_V29.md,.md,171,1,29
relatorios/historico/baselines/BASELINE_FIXA_V30.md,relatorios/historico,relatorios/historico/baselines,BASELINE_FIXA_V30.md,.md,136,3,30
relatorios/historico/baselines/BASELINE_FIXA_V31.md,relatorios/historico,relatorios/historico/baselines,BASELINE_FIXA_V31.md,.md,2207,35,31
relatorios/historico/baselines/BASELINE_FIXA_V32.md,relatorios/historico,relatorios/historico/baselines,BASELINE_FIXA_V32.md,.md,2566,47,32
relatorios/historico/baselines/BASELINE_FIXA_V33.md,relatorios/historico,relatorios/historico/baselines,BASELINE_FIXA_V33.md,.md,2260,36,33
relatorios/historico/baselines/BASELINE_FIXA_V34.md,relatorios/historico,relatorios/historico/baselines,BASELINE_FIXA_V34.md,.md,2454,42,34
relatorios/historico/baselines/BASELINE_FIXA_V35.md,relatorios/historico,relatorios/historico/baselines,BASELINE_FIXA_V35.md,.md,2926,58,35
relatorios/historico/baselines/BASELINE_FIXA_V36.md,relatorios/historico,relatorios/historico/baselines,BASELINE_FIXA_V36.md,.md,2142,51,36
relatorios/historico/baselines/BASELINE_FIXA_V37.md,relatorios/historico,relatorios/historico/baselines,BASELINE_FIXA_V37.md,.md,1977,41,37
relatorios/historico/baselines/BASELINE_FIXA_V38.md,relatorios/historico,relatorios/historico/baselines,BASELINE_FIXA_V38.md,.md,1145,22,38
relatorios/historico/baselines/BASELINE_FIXA_V39.md,relatorios/historico,relatorios/historico/baselines,BASELINE_FIXA_V39.md,.md,2060,40,39
relatorios/historico/baselines/BASELINE_FIXA_V40.md,relatorios/historico,relatorios/historico/baselines,BASELINE_FIXA_V40.md,.md,1921,25,40
relatorios/historico/baselines/BASELINE_FIXA_V41.md,relatorios/historico,relatorios/historico/baselines,BASELINE_FIXA_V41.md,.md,753,12,41
relatorios/historico/baselines/BASELINE_FIXA_V42.md,relatorios/historico,relatorios/historico/baselines,BASELINE_FIXA_V42.md,.md,1108,13,42
relatorios/historico/baselines/BASELINE_FIXA_V45.md,relatorios/historico,relatorios/historico/baselines,BASELINE_FIXA_V45.md,.md,957,14,45
relatorios/historico/baselines/BASELINE_FIXA_V48.md,relatorios/historico,relatorios/historico/baselines,BASELINE_FIXA_V48.md,.md,870,12,48
relatorios/historico/baselines/BASELINE_FIXA_V50.md,relatorios/historico,relatorios/historico/baselines,BASELINE_FIXA_V50.md,.md,617,13,50
relatorios/historico/baselines/BASELINE_FIXA_V51.md,relatorios/historico,relatorios/historico/baselines,BASELINE_FIXA_V51.md,.md,834,18,51
relatorios/historico/baselines/BASELINE_FIXA_V52.md,relatorios/historico,relatorios/historico/baselines,BASELINE_FIXA_V52.md,.md,987,23,52
relatorios/historico/baselines/BASELINE_FIXA_V55.md,relatorios/historico,relatorios/historico/baselines,BASELINE_FIXA_V55.md,.md,1475,36,55
relatorios/historico/baselines/BASELINE_FIXA_V58.md,relatorios/historico,relatorios/historico/baselines,BASELINE_FIXA_V58.md,.md,1676,36,58
relatorios/historico/baselines/BASELINE_FIXA_V59.md,relatorios/historico,relatorios/historico/baselines,BASELINE_FIXA_V59.md,.md,1570,29,59
relatorios/historico/baselines/BASELINE_FIXA_V60.md,relatorios/historico,relatorios/historico/baselines,BASELINE_FIXA_V60.md,.md,1737,28,60
relatorios/historico/baselines/BASELINE_FIXA_V61.md,relatorios/historico,relatorios/historico/baselines,BASELINE_FIXA_V61.md,.md,1805,29,61
relatorios/historico/baselines/BASELINE_FIXA_V62.md,relatorios/historico,relatorios/historico/baselines,BASELINE_FIXA_V62.md,.md,1953,29,62
relatorios/historico/baselines/BASELINE_FIXA_V63.md,relatorios/historico,relatorios/historico/baselines,BASELINE_FIXA_V63.md,.md,1617,29,63
relatorios/historico/baselines/BASELINE_FIXA_V64.md,relatorios/historico,relatorios/historico/baselines,BASELINE_FIXA_V64.md,.md,2050,37,64
relatorios/historico/baselines/BASELINE_FIXA_V65.md,relatorios/historico,relatorios/historico/baselines,BASELINE_FIXA_V65.md,.md,2019,30,65
relatorios/historico/baselines/BASELINE_FIXA_V66.md,relatorios/historico,relatorios/historico/baselines,BASELINE_FIXA_V66.md,.md,2363,31,66
relatorios/historico/baselines/BASELINE_FIXA_V67.md,relatorios/historico,relatorios/historico/baselines,BASELINE_FIXA_V67.md,.md,2089,31,67
relatorios/historico/baselines/BASELINE_FIXA_V68.md,relatorios/historico,relatorios/historico/baselines,BASELINE_FIXA_V68.md,.md,1907,30,68
relatorios/historico/baselines/BASELINE_FIXA_V69.md,relatorios/historico,relatorios/historico/baselines,BASELINE_FIXA_V69.md,.md,1977,30,69
relatorios/historico/baselines/BASELINE_FIXA_V71.md,relatorios/historico,relatorios/historico/baselines,BASELINE_FIXA_V71.md,.md,2114,30,71
relatorios/historico/baselines/BASELINE_FIXA_V72.md,relatorios/historico,relatorios/historico/baselines,BASELINE_FIXA_V72.md,.md,2114,30,72
relatorios/historico/baselines/BASELINE_FIXA_V73.md,relatorios/historico,relatorios/historico/baselines,BASELINE_FIXA_V73.md,.md,1915,30,73
relatorios/historico/baselines/BASELINE_FIXA_V74.md,relatorios/historico,relatorios/historico/baselines,BASELINE_FIXA_V74.md,.md,2049,30,74
relatorios/historico/baselines/BASELINE_FIXA_V75.md,relatorios/historico,relatorios/historico/baselines,BASELINE_FIXA_V75.md,.md,1694,23,75
relatorios/historico/baselines/BASELINE_FIXA_V76.md,relatorios/historico,relatorios/historico/baselines,BASELINE_FIXA_V76.md,.md,1879,28,76
relatorios/historico/baselines/BASELINE_FIXA_V77.md,relatorios/historico,relatorios/historico/baselines,BASELINE_FIXA_V77.md,.md,2671,41,77
relatorios/historico/baselines/BASELINE_FIXA_V78.md,relatorios/historico,relatorios/historico/baselines,BASELINE_FIXA_V78.md,.md,3059,48,78
relatorios/historico/baselines/BASELINE_FIXA_V79.md,relatorios/historico,relatorios/historico/baselines,BASELINE_FIXA_V79.md,.md,3306,53,79
relatorios/historico/baselines/BASELINE_FIXA_V8.md,relatorios/historico,relatorios/historico/baselines,BASELINE_FIXA_V8.md,.md,605,15,8
relatorios/historico/baselines/BASELINE_FIXA_V80.md,relatorios/historico,relatorios/historico/baselines,BASELINE_FIXA_V80.md,.md,1513,21,80
relatorios/historico/baselines/BASELINE_FIXA_V82.md,relatorios/historico,relatorios/historico/baselines,BASELINE_FIXA_V82.md,.md,1600,21,82
relatorios/historico/baselines/BASELINE_FIXA_V83.md,relatorios/historico,relatorios/historico/baselines,BASELINE_FIXA_V83.md,.md,1600,21,83
relatorios/historico/baselines/BASELINE_FIXA_V84.md,relatorios/historico,relatorios/historico/baselines,BASELINE_FIXA_V84.md,.md,894,24,84
relatorios/historico/baselines/BASELINE_FIXA_V85.md,relatorios/historico,relatorios/historico/baselines,BASELINE_FIXA_V85.md,.md,1051,24,85
relatorios/historico/baselines/BASELINE_FIXA_V86.md,relatorios/historico,relatorios/historico/baselines,BASELINE_FIXA_V86.md,.md,1091,24,86
relatorios/historico/baselines/BASELINE_FIXA_V87.md,relatorios/historico,relatorios/historico/baselines,BASELINE_FIXA_V87.md,.md,956,24,87
relatorios/historico/baselines/BASELINE_FIXA_V88.md,relatorios/historico,relatorios/historico/baselines,BASELINE_FIXA_V88.md,.md,956,24,88
relatorios/historico/baselines/BASELINE_FIXA_V89.md,relatorios/historico,relatorios/historico/baselines,BASELINE_FIXA_V89.md,.md,1312,28,89
relatorios/historico/baselines/BASELINE_FIXA_V9.md,relatorios/historico,relatorios/historico/baselines,BASELINE_FIXA_V9.md,.md,170,3,9
relatorios/historico/baselines/BASELINE_FIXA_V90.md,relatorios/historico,relatorios/historico/baselines,BASELINE_FIXA_V90.md,.md,770,18,90
relatorios/historico/baselines/BASELINE_FIXA_V91.md,relatorios/historico,relatorios/historico/baselines,BASELINE_FIXA_V91.md,.md,770,18,91
relatorios/historico/baselines/BASELINE_FIXA_V92.md,relatorios/historico,relatorios/historico/baselines,BASELINE_FIXA_V92.md,.md,631,18,92
relatorios/historico/baselines/BASELINE_FIXA_V93.md,relatorios/historico,relatorios/historico/baselines,BASELINE_FIXA_V93.md,.md,656,18,93
relatorios/historico/baselines/BASELINE_FIXA_V94.md,relatorios/historico,relatorios/historico/baselines,BASELINE_FIXA_V94.md,.md,656,18,94
relatorios/historico/baselines/BASELINE_FIXA_V95.md,relatorios/historico,relatorios/historico/baselines,BASELINE_FIXA_V95.md,.md,895,20,95
relatorios/historico/baselines/BASELINE_FIXA_V96.md,relatorios/historico,relatorios/historico/baselines,BASELINE_FIXA_V96.md,.md,895,20,96
relatorios/historico/baselines/BASELINE_FIXA_V97.md,relatorios/historico,relatorios/historico/baselines,BASELINE_FIXA_V97.md,.md,895,20,97
relatorios/historico/baselines/BASELINE_FIXA_V98.md,relatorios/historico,relatorios/historico/baselines,BASELINE_FIXA_V98.md,.md,936,20,98
relatorios/historico/baselines/BASELINE_FIXA_V99.md,relatorios/historico,relatorios/historico/baselines,BASELINE_FIXA_V99.md,.md,1195,25,99
relatorios/historico/contratos_intermediarios/ALOCADOR_PAGAMENTOS_TERMINAL_V137.md,relatorios/historico,relatorios/historico/contratos_intermediarios,ALOCADOR_PAGAMENTOS_TERMINAL_V137.md,.md,1326,26,137
relatorios/historico/contratos_intermediarios/ALOCADOR_PAGAMENTOS_TERMINAL_V141.md,relatorios/historico,relatorios/historico/contratos_intermediarios,ALOCADOR_PAGAMENTOS_TERMINAL_V141.md,.md,959,29,141
relatorios/historico/contratos_intermediarios/BASELINE_FIXA_V139.md,relatorios/historico,relatorios/historico/contratos_intermediarios,BASELINE_FIXA_V139.md,.md,390,9,139
relatorios/historico/contratos_intermediarios/BASELINE_FIXA_V141.md,relatorios/historico,relatorios/historico/contratos_intermediarios,BASELINE_FIXA_V141.md,.md,399,8,141
relatorios/historico/contratos_intermediarios/COMPARADOR_HIBRIDO_SWITCHING_V132.md,relatorios/historico,relatorios/historico/contratos_intermediarios,COMPARADOR_HIBRIDO_SWITCHING_V132.md,.md,5302,52,132
relatorios/historico/contratos_intermediarios/CONTRATO_ABSORCAO_MODELOS_SCRIPT1_PAGAMENTOS_V140.md,relatorios/historico,relatorios/historico/contratos_intermediarios,CONTRATO_ABSORCAO_MODELOS_SCRIPT1_PAGAMENTOS_V140.md,.md,5573,168,140
relatorios/historico/contratos_intermediarios/CONTRATO_RANKING_CARTEIRA_V123.md,relatorios/historico,relatorios/historico/contratos_intermediarios,CONTRATO_RANKING_CARTEIRA_V123.md,.md,1076,17,123
relatorios/historico/contratos_intermediarios/CONTRATO_V117_ALOCADOR_PAGAMENTOS_TERMINAL_E_PLANEJADOR_SWITCHING_TEMPORAL.md,relatorios/historico,relatorios/historico/contratos_intermediarios,CONTRATO_V117_ALOCADOR_PAGAMENTOS_TERMINAL_E_PLANEJADOR_SWITCHING_TEMPORAL.md,.md,9146,203,117
relatorios/historico/contratos_intermediarios/CONTRATO_V117_MOTOR_CONJUNTO_TEMPORAL.md,relatorios/historico,relatorios/historico/contratos_intermediarios,CONTRATO_V117_MOTOR_CONJUNTO_TEMPORAL.md,.md,3855,123,117
relatorios/historico/contratos_intermediarios/ESTRUTURA_REPOSITORIO_V139.md,relatorios/historico,relatorios/historico/contratos_intermediarios,ESTRUTURA_REPOSITORIO_V139.md,.md,679,12,139
relatorios/historico/contratos_intermediarios/ESTRUTURA_REPOSITORIO_V141.md,relatorios/historico,relatorios/historico/contratos_intermediarios,ESTRUTURA_REPOSITORIO_V141.md,.md,566,11,141
relatorios/historico/contratos_intermediarios/F1_CONTRATO_MINIMO_CAIXA_RECEBIDOS.md,relatorios/historico,relatorios/historico/contratos_intermediarios,F1_CONTRATO_MINIMO_CAIXA_RECEBIDOS.md,.md,6069,178,
relatorios/historico/contratos_intermediarios/FLUXO_PAGAMENTOS_TERMINAL_RECORTE_AMPLO_V142.md,relatorios/historico,relatorios/historico/contratos_intermediarios,FLUXO_PAGAMENTOS_TERMINAL_RECORTE_AMPLO_V142.md,.md,3152,57,142
relatorios/historico/contratos_intermediarios/FLUXO_PAGAMENTOS_TERMINAL_RECORTE_CURTO_V138.md,relatorios/historico,relatorios/historico/contratos_intermediarios,FLUXO_PAGAMENTOS_TERMINAL_RECORTE_CURTO_V138.md,.md,2899,46,138
relatorios/historico/contratos_intermediarios/GRADE_DIARIA_OFICIAL_HIBRIDA_V134.md,relatorios/historico,relatorios/historico/contratos_intermediarios,GRADE_DIARIA_OFICIAL_HIBRIDA_V134.md,.md,13957,116,134
relatorios/historico/contratos_intermediarios/MAPA_ABSORCAO_LEGADO_SCRIPTS_1_2.md,relatorios/historico,relatorios/historico/contratos_intermediarios,MAPA_ABSORCAO_LEGADO_SCRIPTS_1_2.md,.md,4325,85,
relatorios/historico/contratos_intermediarios/MAPA_HEURISTICAS_PRIORITARIAS_SCRIPT1_V140.md,relatorios/historico,relatorios/historico/contratos_intermediarios,MAPA_HEURISTICAS_PRIORITARIAS_SCRIPT1_V140.md,.md,1533,36,140
relatorios/historico/contratos_intermediarios/METRICA_CANONICA_MINIMA_CENTRAL.md,relatorios/historico,relatorios/historico/contratos_intermediarios,METRICA_CANONICA_MINIMA_CENTRAL.md,.md,3911,95,
relatorios/historico/contratos_intermediarios/MOTOR_DIARIO_CONJUNTO_EXPERIMENTAL_V143_2026-04-21_2026-05-06.md,relatorios/historico,relatorios/historico/contratos_intermediarios,MOTOR_DIARIO_CONJUNTO_EXPERIMENTAL_V143_2026-04-21_2026-05-06.md,.md,3803,68,143
relatorios/historico/contratos_intermediarios/MOTOR_DIARIO_CONJUNTO_POS_VENCIMENTO_V146_2026-05-03_2026-05-06.md,relatorios/historico,relatorios/historico/contratos_intermediarios,MOTOR_DIARIO_CONJUNTO_POS_VENCIMENTO_V146_2026-05-03_2026-05-06.md,.md,3470,71,146
relatorios/historico/contratos_intermediarios/RECOMPUTACAO_SEQUENCIAL_CENTRAL_V108.md,relatorios/historico,relatorios/historico/contratos_intermediarios,RECOMPUTACAO_SEQUENCIAL_CENTRAL_V108.md,.md,868,19,108
relatorios/historico/documentacao_baseline/AMPLIACAO_CONTRATO_MESTRE_V181.md,relatorios/historico,relatorios/historico/documentacao_baseline,AMPLIACAO_CONTRATO_MESTRE_V181.md,.md,1135,27,181
relatorios/historico/documentacao_baseline/CONGELAMENTO_CONTRATO_MESTRE_V183.md,relatorios/historico,relatorios/historico/documentacao_baseline,CONGELAMENTO_CONTRATO_MESTRE_V183.md,.md,600,13,183
relatorios/historico/documentacao_baseline/CONGELAMENTO_MODELO_OFICIAL_V182.md,relatorios/historico,relatorios/historico/documentacao_baseline,CONGELAMENTO_MODELO_OFICIAL_V182.md,.md,359,5,182
relatorios/historico/documentacao_baseline/FORMALIZACAO_MODELO_OFICIAL_V179.md,relatorios/historico,relatorios/historico/documentacao_baseline,FORMALIZACAO_MODELO_OFICIAL_V179.md,.md,1010,18,179
relatorios/historico/documentacao_baseline/MODELO_MATEMATICO_ESTATISTICO_FINANCEIRO_OFICIAL_V179.md,relatorios/historico,relatorios/historico/documentacao_baseline,MODELO_MATEMATICO_ESTATISTICO_FINANCEIRO_OFICIAL_V179.md,.md,23255,867,179
relatorios/historico/documentacao_baseline/REESCRITA_CONTRATO_MESTRE_V180.md,relatorios/historico,relatorios/historico/documentacao_baseline,REESCRITA_CONTRATO_MESTRE_V180.md,.md,1502,32,180
relatorios/historico/estruturas/ESTRUTURA_REPOSITORIO_V100.md,relatorios/historico,relatorios/historico/estruturas,ESTRUTURA_REPOSITORIO_V100.md,.md,861,21,100
relatorios/historico/estruturas/ESTRUTURA_REPOSITORIO_V101.md,relatorios/historico,relatorios/historico/estruturas,ESTRUTURA_REPOSITORIO_V101.md,.md,762,9,101
relatorios/historico/estruturas/ESTRUTURA_REPOSITORIO_V103.md,relatorios/historico,relatorios/historico/estruturas,ESTRUTURA_REPOSITORIO_V103.md,.md,890,17,103
relatorios/historico/estruturas/ESTRUTURA_REPOSITORIO_V104.md,relatorios/historico,relatorios/historico/estruturas,ESTRUTURA_REPOSITORIO_V104.md,.md,498,10,104
relatorios/historico/estruturas/ESTRUTURA_REPOSITORIO_V105.md,relatorios/historico,relatorios/historico/estruturas,ESTRUTURA_REPOSITORIO_V105.md,.md,508,13,105
relatorios/historico/estruturas/ESTRUTURA_REPOSITORIO_V106.md,relatorios/historico,relatorios/historico/estruturas,ESTRUTURA_REPOSITORIO_V106.md,.md,855,22,106
relatorios/historico/estruturas/ESTRUTURA_REPOSITORIO_V107.md,relatorios/historico,relatorios/historico/estruturas,ESTRUTURA_REPOSITORIO_V107.md,.md,579,15,107
relatorios/historico/estruturas/ESTRUTURA_REPOSITORIO_V108.md,relatorios/historico,relatorios/historico/estruturas,ESTRUTURA_REPOSITORIO_V108.md,.md,564,13,108
relatorios/historico/estruturas/ESTRUTURA_REPOSITORIO_V114.md,relatorios/historico,relatorios/historico/estruturas,ESTRUTURA_REPOSITORIO_V114.md,.md,447,14,114
relatorios/historico/estruturas/ESTRUTURA_REPOSITORIO_V115.md,relatorios/historico,relatorios/historico/estruturas,ESTRUTURA_REPOSITORIO_V115.md,.md,842,21,115
relatorios/historico/estruturas/ESTRUTURA_REPOSITORIO_V116.md,relatorios/historico,relatorios/historico/estruturas,ESTRUTURA_REPOSITORIO_V116.md,.md,783,19,116
relatorios/historico/estruturas/ESTRUTURA_REPOSITORIO_V117.md,relatorios/historico,relatorios/historico/estruturas,ESTRUTURA_REPOSITORIO_V117.md,.md,869,21,117
relatorios/historico/estruturas/ESTRUTURA_REPOSITORIO_V118.md,relatorios/historico,relatorios/historico/estruturas,ESTRUTURA_REPOSITORIO_V118.md,.md,790,17,118
relatorios/historico/estruturas/ESTRUTURA_REPOSITORIO_V119.md,relatorios/historico,relatorios/historico/estruturas,ESTRUTURA_REPOSITORIO_V119.md,.md,631,15,119
relatorios/historico/estruturas/ESTRUTURA_REPOSITORIO_V120.md,relatorios/historico,relatorios/historico/estruturas,ESTRUTURA_REPOSITORIO_V120.md,.md,863,20,120
relatorios/historico/estruturas/ESTRUTURA_REPOSITORIO_V121.md,relatorios/historico,relatorios/historico/estruturas,ESTRUTURA_REPOSITORIO_V121.md,.md,895,20,121
relatorios/historico/estruturas/ESTRUTURA_REPOSITORIO_V122.md,relatorios/historico,relatorios/historico/estruturas,ESTRUTURA_REPOSITORIO_V122.md,.md,820,18,122
relatorios/historico/estruturas/ESTRUTURA_REPOSITORIO_V123.md,relatorios/historico,relatorios/historico/estruturas,ESTRUTURA_REPOSITORIO_V123.md,.md,133,3,123
relatorios/historico/estruturas/ESTRUTURA_REPOSITORIO_V124.md,relatorios/historico,relatorios/historico/estruturas,ESTRUTURA_REPOSITORIO_V124.md,.md,595,9,124
relatorios/historico/estruturas/ESTRUTURA_REPOSITORIO_V125.md,relatorios/historico,relatorios/historico/estruturas,ESTRUTURA_REPOSITORIO_V125.md,.md,382,7,125
relatorios/historico/estruturas/ESTRUTURA_REPOSITORIO_V126.md,relatorios/historico,relatorios/historico/estruturas,ESTRUTURA_REPOSITORIO_V126.md,.md,544,11,126
relatorios/historico/estruturas/ESTRUTURA_REPOSITORIO_V127.md,relatorios/historico,relatorios/historico/estruturas,ESTRUTURA_REPOSITORIO_V127.md,.md,578,8,127
relatorios/historico/estruturas/ESTRUTURA_REPOSITORIO_V128.md,relatorios/historico,relatorios/historico/estruturas,ESTRUTURA_REPOSITORIO_V128.md,.md,449,8,128
relatorios/historico/estruturas/ESTRUTURA_REPOSITORIO_V129.md,relatorios/historico,relatorios/historico/estruturas,ESTRUTURA_REPOSITORIO_V129.md,.md,211,3,129
relatorios/historico/estruturas/ESTRUTURA_REPOSITORIO_V130.md,relatorios/historico,relatorios/historico/estruturas,ESTRUTURA_REPOSITORIO_V130.md,.md,236,3,130
relatorios/historico/estruturas/ESTRUTURA_REPOSITORIO_V131.md,relatorios/historico,relatorios/historico/estruturas,ESTRUTURA_REPOSITORIO_V131.md,.md,329,9,131
relatorios/historico/estruturas/ESTRUTURA_REPOSITORIO_V132.md,relatorios/historico,relatorios/historico/estruturas,ESTRUTURA_REPOSITORIO_V132.md,.md,415,10,132
relatorios/historico/estruturas/ESTRUTURA_REPOSITORIO_V133.md,relatorios/historico,relatorios/historico/estruturas,ESTRUTURA_REPOSITORIO_V133.md,.md,348,7,133
relatorios/historico/estruturas/ESTRUTURA_REPOSITORIO_V134.md,relatorios/historico,relatorios/historico/estruturas,ESTRUTURA_REPOSITORIO_V134.md,.md,175,3,134
relatorios/historico/estruturas/ESTRUTURA_REPOSITORIO_V135.md,relatorios/historico,relatorios/historico/estruturas,ESTRUTURA_REPOSITORIO_V135.md,.md,345,8,135
relatorios/historico/estruturas/ESTRUTURA_REPOSITORIO_V136.md,relatorios/historico,relatorios/historico/estruturas,ESTRUTURA_REPOSITORIO_V136.md,.md,430,9,136
relatorios/historico/estruturas/ESTRUTURA_REPOSITORIO_V137.md,relatorios/historico,relatorios/historico/estruturas,ESTRUTURA_REPOSITORIO_V137.md,.md,456,11,137
relatorios/historico/estruturas/ESTRUTURA_REPOSITORIO_V138.md,relatorios/historico,relatorios/historico/estruturas,ESTRUTURA_REPOSITORIO_V138.md,.md,301,6,138
relatorios/historico/estruturas/ESTRUTURA_REPOSITORIO_V140.md,relatorios/historico,relatorios/historico/estruturas,ESTRUTURA_REPOSITORIO_V140.md,.md,665,14,140
relatorios/historico/estruturas/ESTRUTURA_REPOSITORIO_V55.md,relatorios/historico,relatorios/historico/estruturas,ESTRUTURA_REPOSITORIO_V55.md,.md,819,29,55
relatorios/historico/estruturas/ESTRUTURA_REPOSITORIO_V58.md,relatorios/historico,relatorios/historico/estruturas,ESTRUTURA_REPOSITORIO_V58.md,.md,1636,49,58
relatorios/historico/estruturas/ESTRUTURA_REPOSITORIO_V59.md,relatorios/historico,relatorios/historico/estruturas,ESTRUTURA_REPOSITORIO_V59.md,.md,1669,52,59
relatorios/historico/estruturas/ESTRUTURA_REPOSITORIO_V60.md,relatorios/historico,relatorios/historico/estruturas,ESTRUTURA_REPOSITORIO_V60.md,.md,1917,57,60
relatorios/historico/estruturas/ESTRUTURA_REPOSITORIO_V61.md,relatorios/historico,relatorios/historico/estruturas,ESTRUTURA_REPOSITORIO_V61.md,.md,2135,59,61
relatorios/historico/estruturas/ESTRUTURA_REPOSITORIO_V62.md,relatorios/historico,relatorios/historico/estruturas,ESTRUTURA_REPOSITORIO_V62.md,.md,2389,61,62
relatorios/historico/estruturas/ESTRUTURA_REPOSITORIO_V63.md,relatorios/historico,relatorios/historico/estruturas,ESTRUTURA_REPOSITORIO_V63.md,.md,2388,61,63
relatorios/historico/estruturas/ESTRUTURA_REPOSITORIO_V64.md,relatorios/historico,relatorios/historico/estruturas,ESTRUTURA_REPOSITORIO_V64.md,.md,2388,61,64
relatorios/historico/estruturas/ESTRUTURA_REPOSITORIO_V65.md,relatorios/historico,relatorios/historico/estruturas,ESTRUTURA_REPOSITORIO_V65.md,.md,2496,62,65
relatorios/historico/estruturas/ESTRUTURA_REPOSITORIO_V66.md,relatorios/historico,relatorios/historico/estruturas,ESTRUTURA_REPOSITORIO_V66.md,.md,2647,63,66
relatorios/historico/estruturas/ESTRUTURA_REPOSITORIO_V67.md,relatorios/historico,relatorios/historico/estruturas,ESTRUTURA_REPOSITORIO_V67.md,.md,2647,63,67
relatorios/historico/estruturas/ESTRUTURA_REPOSITORIO_V68.md,relatorios/historico,relatorios/historico/estruturas,ESTRUTURA_REPOSITORIO_V68.md,.md,2613,63,68
relatorios/historico/estruturas/ESTRUTURA_REPOSITORIO_V69.md,relatorios/historico,relatorios/historico/estruturas,ESTRUTURA_REPOSITORIO_V69.md,.md,2847,65,69
relatorios/historico/estruturas/ESTRUTURA_REPOSITORIO_V71.md,relatorios/historico,relatorios/historico/estruturas,ESTRUTURA_REPOSITORIO_V71.md,.md,3110,67,71
relatorios/historico/estruturas/ESTRUTURA_REPOSITORIO_V72.md,relatorios/historico,relatorios/historico/estruturas,ESTRUTURA_REPOSITORIO_V72.md,.md,3110,67,72
relatorios/historico/estruturas/ESTRUTURA_REPOSITORIO_V73.md,relatorios/historico,relatorios/historico/estruturas,ESTRUTURA_REPOSITORIO_V73.md,.md,1588,33,73
relatorios/historico/estruturas/ESTRUTURA_REPOSITORIO_V74.md,relatorios/historico,relatorios/historico/estruturas,ESTRUTURA_REPOSITORIO_V74.md,.md,1691,34,74
relatorios/historico/estruturas/ESTRUTURA_REPOSITORIO_V75.md,relatorios/historico,relatorios/historico/estruturas,ESTRUTURA_REPOSITORIO_V75.md,.md,1782,45,75
relatorios/historico/estruturas/ESTRUTURA_REPOSITORIO_V76.md,relatorios/historico,relatorios/historico/estruturas,ESTRUTURA_REPOSITORIO_V76.md,.md,1947,47,76
relatorios/historico/estruturas/ESTRUTURA_REPOSITORIO_V77.md,relatorios/historico,relatorios/historico/estruturas,ESTRUTURA_REPOSITORIO_V77.md,.md,2152,54,77
relatorios/historico/estruturas/ESTRUTURA_REPOSITORIO_V78.md,relatorios/historico,relatorios/historico/estruturas,ESTRUTURA_REPOSITORIO_V78.md,.md,2340,60,78
relatorios/historico/estruturas/ESTRUTURA_REPOSITORIO_V79.md,relatorios/historico,relatorios/historico/estruturas,ESTRUTURA_REPOSITORIO_V79.md,.md,2604,67,79
relatorios/historico/estruturas/ESTRUTURA_REPOSITORIO_V80.md,relatorios/historico,relatorios/historico/estruturas,ESTRUTURA_REPOSITORIO_V80.md,.md,878,19,80
relatorios/historico/estruturas/ESTRUTURA_REPOSITORIO_V82.md,relatorios/historico,relatorios/historico/estruturas,ESTRUTURA_REPOSITORIO_V82.md,.md,965,20,82
relatorios/historico/estruturas/ESTRUTURA_REPOSITORIO_V83.md,relatorios/historico,relatorios/historico/estruturas,ESTRUTURA_REPOSITORIO_V83.md,.md,965,20,83
relatorios/historico/estruturas/ESTRUTURA_REPOSITORIO_V84.md,relatorios/historico,relatorios/historico/estruturas,ESTRUTURA_REPOSITORIO_V84.md,.md,496,16,84
relatorios/historico/estruturas/ESTRUTURA_REPOSITORIO_V85.md,relatorios/historico,relatorios/historico/estruturas,ESTRUTURA_REPOSITORIO_V85.md,.md,496,16,85
relatorios/historico/estruturas/ESTRUTURA_REPOSITORIO_V86.md,relatorios/historico,relatorios/historico/estruturas,ESTRUTURA_REPOSITORIO_V86.md,.md,496,16,86
relatorios/historico/estruturas/ESTRUTURA_REPOSITORIO_V87.md,relatorios/historico,relatorios/historico/estruturas,ESTRUTURA_REPOSITORIO_V87.md,.md,449,13,87
relatorios/historico/estruturas/ESTRUTURA_REPOSITORIO_V88.md,relatorios/historico,relatorios/historico/estruturas,ESTRUTURA_REPOSITORIO_V88.md,.md,449,13,88
relatorios/historico/estruturas/ESTRUTURA_REPOSITORIO_V89.md,relatorios/historico,relatorios/historico/estruturas,ESTRUTURA_REPOSITORIO_V89.md,.md,716,19,89
relatorios/historico/estruturas/ESTRUTURA_REPOSITORIO_V90.md,relatorios/historico,relatorios/historico/estruturas,ESTRUTURA_REPOSITORIO_V90.md,.md,386,9,90
relatorios/historico/estruturas/ESTRUTURA_REPOSITORIO_V91.md,relatorios/historico,relatorios/historico/estruturas,ESTRUTURA_REPOSITORIO_V91.md,.md,386,9,91
relatorios/historico/estruturas/ESTRUTURA_REPOSITORIO_V92.md,relatorios/historico,relatorios/historico/estruturas,ESTRUTURA_REPOSITORIO_V92.md,.md,405,9,92
relatorios/historico/estruturas/ESTRUTURA_REPOSITORIO_V93.md,relatorios/historico,relatorios/historico/estruturas,ESTRUTURA_REPOSITORIO_V93.md,.md,452,9,93
relatorios/historico/estruturas/ESTRUTURA_REPOSITORIO_V94.md,relatorios/historico,relatorios/historico/estruturas,ESTRUTURA_REPOSITORIO_V94.md,.md,452,9,94
relatorios/historico/estruturas/ESTRUTURA_REPOSITORIO_V95.md,relatorios/historico,relatorios/historico/estruturas,ESTRUTURA_REPOSITORIO_V95.md,.md,492,9,95
relatorios/historico/estruturas/ESTRUTURA_REPOSITORIO_V96.md,relatorios/historico,relatorios/historico/estruturas,ESTRUTURA_REPOSITORIO_V96.md,.md,470,9,96
relatorios/historico/estruturas/ESTRUTURA_REPOSITORIO_V97.md,relatorios/historico,relatorios/historico/estruturas,ESTRUTURA_REPOSITORIO_V97.md,.md,470,9,97
relatorios/historico/estruturas/ESTRUTURA_REPOSITORIO_V98.md,relatorios/historico,relatorios/historico/estruturas,ESTRUTURA_REPOSITORIO_V98.md,.md,736,14,98
relatorios/historico/estruturas/ESTRUTURA_REPOSITORIO_V99.md,relatorios/historico,relatorios/historico/estruturas,ESTRUTURA_REPOSITORIO_V99.md,.md,965,19,99
relatorios/historico/estruturas/etapa_modelos_script1/PREPARACAO_MODELOS_SCRIPT1_PAGAMENTOS_V139.md,relatorios/historico,relatorios/historico/estruturas,PREPARACAO_MODELOS_SCRIPT1_PAGAMENTOS_V139.md,.md,1019,21,139
relatorios/historico/limpeza_repositorio/CORRECAO_COMPATIBILIDADE_PANDAS_V199.md,relatorios/historico,relatorios/historico/limpeza_repositorio,CORRECAO_COMPATIBILIDADE_PANDAS_V199.md,.md,1751,36,199
relatorios/historico/limpeza_repositorio/CORRECAO_SAIDA_OFICIAL_V192.md,relatorios/historico,relatorios/historico/limpeza_repositorio,CORRECAO_SAIDA_OFICIAL_V192.md,.md,1721,34,192
relatorios/historico/limpeza_repositorio/ETAPA5_LIMPEZA_LEGADO_DIAGNOSTICO_V187.md,relatorios/historico,relatorios/historico/limpeza_repositorio,ETAPA5_LIMPEZA_LEGADO_DIAGNOSTICO_V187.md,.md,1134,27,187
relatorios/historico/limpeza_repositorio/MANIFESTO_REBAIXAMENTO_DOCUMENTAL_V201.md,relatorios/historico,relatorios/historico/limpeza_repositorio,MANIFESTO_REBAIXAMENTO_DOCUMENTAL_V201.md,.md,413,10,201
relatorios/historico/limpeza_repositorio/NORMALIZACAO_CAMINHOS_SAIDAS_SCRIPTS_V186.md,relatorios/historico,relatorios/historico/limpeza_repositorio,NORMALIZACAO_CAMINHOS_SAIDAS_SCRIPTS_V186.md,.md,1009,13,186
relatorios/historico/limpeza_repositorio/RESUMO_ATUALIZACAO_V190.md,relatorios/historico,relatorios/historico/limpeza_repositorio,RESUMO_ATUALIZACAO_V190.md,.md,1245,27,190
relatorios/historico/objetivo_final/ATUALIZACAO_CACHE_DADOS_E_REEXECUCAO_V178.md,relatorios/historico,relatorios/historico/objetivo_final,ATUALIZACAO_CACHE_DADOS_E_REEXECUCAO_V178.md,.md,4050,72,178
relatorios/historico/objetivo_final/AUDITORIA_ALINHAMENTO_CONTRATO_OBJETIVO_FINAL_V176.md,relatorios/historico,relatorios/historico/objetivo_final,AUDITORIA_ALINHAMENTO_CONTRATO_OBJETIVO_FINAL_V176.md,.md,2279,37,176
relatorios/historico/objetivo_final/AUDITORIA_REEXECUCAO_CACHE_DADOS_V178.md,relatorios/historico,relatorios/historico/objetivo_final,AUDITORIA_REEXECUCAO_CACHE_DADOS_V178.md,.md,2212,18,178
relatorios/historico/objetivo_final/AUDITORIA_REPOSITORIO_OBJETIVO_FINAL_V175.md,relatorios/historico,relatorios/historico/objetivo_final,AUDITORIA_REPOSITORIO_OBJETIVO_FINAL_V175.md,.md,7583,158,175
relatorios/historico/reorganizacao_local_switching/AUDITORIA_CONGELAMENTO_APLICAR_SWITCHING_EVENTOS_V174.md,relatorios/historico,relatorios/historico/reorganizacao_local_switching,AUDITORIA_CONGELAMENTO_APLICAR_SWITCHING_EVENTOS_V174.md,.md,4911,90,174
relatorios/historico/reorganizacao_local_switching/AUDITORIA_CONGELAMENTO_SWITCHING_PARCIAL_V172.md,relatorios/historico,relatorios/historico/reorganizacao_local_switching,AUDITORIA_CONGELAMENTO_SWITCHING_PARCIAL_V172.md,.md,3334,67,172
relatorios/historico/reorganizacao_local_switching/AUDITORIA_ORQUESTRADOR_LOCAL_SWITCHING_V173.md,relatorios/historico,relatorios/historico/reorganizacao_local_switching,AUDITORIA_ORQUESTRADOR_LOCAL_SWITCHING_V173.md,.md,2132,49,173
relatorios/historico/reorganizacao_local_switching/EXTRACAO_APLICACAO_EFEITO_EVENTO_SWITCHING_V163.md,relatorios/historico,relatorios/historico/reorganizacao_local_switching,EXTRACAO_APLICACAO_EFEITO_EVENTO_SWITCHING_V163.md,.md,2917,72,163
relatorios/historico/reorganizacao_local_switching/EXTRACAO_BUILDER_ESTADO_SIMULADOR_V158.md,relatorios/historico,relatorios/historico/reorganizacao_local_switching,EXTRACAO_BUILDER_ESTADO_SIMULADOR_V158.md,.md,1649,39,158
relatorios/historico/reorganizacao_local_switching/EXTRACAO_CAMADA_COMUM_DESTINO_SWITCHING_V170.md,relatorios/historico,relatorios/historico/reorganizacao_local_switching,EXTRACAO_CAMADA_COMUM_DESTINO_SWITCHING_V170.md,.md,1693,43,170
relatorios/historico/reorganizacao_local_switching/EXTRACAO_HELPERS_INTEGRAL_PARCIAL_APLICAR_SWITCHING_V162.md,relatorios/historico,relatorios/historico/reorganizacao_local_switching,EXTRACAO_HELPERS_INTEGRAL_PARCIAL_APLICAR_SWITCHING_V162.md,.md,2045,39,162
relatorios/historico/reorganizacao_local_switching/EXTRACAO_HISTORICO_EXECUTADOS_ACUMULADORES_V164.md,relatorios/historico,relatorios/historico/reorganizacao_local_switching,EXTRACAO_HISTORICO_EXECUTADOS_ACUMULADORES_V164.md,.md,1509,39,164
relatorios/historico/reorganizacao_local_switching/EXTRACAO_MUTACAO_LOTE_ORIGEM_SWITCHING_PARCIAL_V171.md,relatorios/historico,relatorios/historico/reorganizacao_local_switching,EXTRACAO_MUTACAO_LOTE_ORIGEM_SWITCHING_PARCIAL_V171.md,.md,2861,73,171
relatorios/historico/reorganizacao_local_switching/EXTRACAO_PAYLOAD_MUTACAO_SWITCHING_INTEGRAL_V169.md,relatorios/historico,relatorios/historico/reorganizacao_local_switching,EXTRACAO_PAYLOAD_MUTACAO_SWITCHING_INTEGRAL_V169.md,.md,3165,82,169
relatorios/historico/reorganizacao_local_switching/EXTRACAO_RUNNER_SIMULADOR_CENTRAL_V157.md,relatorios/historico,relatorios/historico/reorganizacao_local_switching,EXTRACAO_RUNNER_SIMULADOR_CENTRAL_V157.md,.md,1447,26,157
relatorios/historico/validacoes/VALIDACAO_LOCAL_V10.md,relatorios/historico,relatorios/historico/validacoes,VALIDACAO_LOCAL_V10.md,.md,1038,32,10
relatorios/historico/validacoes/VALIDACAO_LOCAL_V100.md,relatorios/historico,relatorios/historico/validacoes,VALIDACAO_LOCAL_V100.md,.md,592,15,100
relatorios/historico/validacoes/VALIDACAO_LOCAL_V101.md,relatorios/historico,relatorios/historico/validacoes,VALIDACAO_LOCAL_V101.md,.md,381,9,101
relatorios/historico/validacoes/VALIDACAO_LOCAL_V103.md,relatorios/historico,relatorios/historico/validacoes,VALIDACAO_LOCAL_V103.md,.md,684,16,103
relatorios/historico/validacoes/VALIDACAO_LOCAL_V104.md,relatorios/historico,relatorios/historico/validacoes,VALIDACAO_LOCAL_V104.md,.md,513,14,104
relatorios/historico/validacoes/VALIDACAO_LOCAL_V105.md,relatorios/historico,relatorios/historico/validacoes,VALIDACAO_LOCAL_V105.md,.md,515,10,105
relatorios/historico/validacoes/VALIDACAO_LOCAL_V106.md,relatorios/historico,relatorios/historico/validacoes,VALIDACAO_LOCAL_V106.md,.md,485,13,106
relatorios/historico/validacoes/VALIDACAO_LOCAL_V107.md,relatorios/historico,relatorios/historico/validacoes,VALIDACAO_LOCAL_V107.md,.md,261,10,107
relatorios/historico/validacoes/VALIDACAO_LOCAL_V108.md,relatorios/historico,relatorios/historico/validacoes,VALIDACAO_LOCAL_V108.md,.md,365,8,108
relatorios/historico/validacoes/VALIDACAO_LOCAL_V11.md,relatorios/historico,relatorios/historico/validacoes,VALIDACAO_LOCAL_V11.md,.md,1148,37,11
relatorios/historico/validacoes/VALIDACAO_LOCAL_V114.md,relatorios/historico,relatorios/historico/validacoes,VALIDACAO_LOCAL_V114.md,.md,561,15,114
relatorios/historico/validacoes/VALIDACAO_LOCAL_V115.md,relatorios/historico,relatorios/historico/validacoes,VALIDACAO_LOCAL_V115.md,.md,545,15,115
relatorios/historico/validacoes/VALIDACAO_LOCAL_V116.md,relatorios/historico,relatorios/historico/validacoes,VALIDACAO_LOCAL_V116.md,.md,648,16,116
relatorios/historico/validacoes/VALIDACAO_LOCAL_V117.md,relatorios/historico,relatorios/historico/validacoes,VALIDACAO_LOCAL_V117.md,.md,831,18,117
relatorios/historico/validacoes/VALIDACAO_LOCAL_V118.md,relatorios/historico,relatorios/historico/validacoes,VALIDACAO_LOCAL_V118.md,.md,1187,29,118
relatorios/historico/validacoes/VALIDACAO_LOCAL_V119.md,relatorios/historico,relatorios/historico/validacoes,VALIDACAO_LOCAL_V119.md,.md,627,15,119
relatorios/historico/validacoes/VALIDACAO_LOCAL_V12.md,relatorios/historico,relatorios/historico/validacoes,VALIDACAO_LOCAL_V12.md,.md,875,30,12
relatorios/historico/validacoes/VALIDACAO_LOCAL_V120.md,relatorios/historico,relatorios/historico/validacoes,VALIDACAO_LOCAL_V120.md,.md,742,16,120
relatorios/historico/validacoes/VALIDACAO_LOCAL_V121.md,relatorios/historico,relatorios/historico/validacoes,VALIDACAO_LOCAL_V121.md,.md,792,17,121
relatorios/historico/validacoes/VALIDACAO_LOCAL_V122.md,relatorios/historico,relatorios/historico/validacoes,VALIDACAO_LOCAL_V122.md,.md,599,14,122
relatorios/historico/validacoes/VALIDACAO_LOCAL_V123.md,relatorios/historico,relatorios/historico/validacoes,VALIDACAO_LOCAL_V123.md,.md,159,6,123
relatorios/historico/validacoes/VALIDACAO_LOCAL_V124.md,relatorios/historico,relatorios/historico/validacoes,VALIDACAO_LOCAL_V124.md,.md,328,8,124
relatorios/historico/validacoes/VALIDACAO_LOCAL_V125.md,relatorios/historico,relatorios/historico/validacoes,VALIDACAO_LOCAL_V125.md,.md,390,8,125
relatorios/historico/validacoes/VALIDACAO_LOCAL_V126.md,relatorios/historico,relatorios/historico/validacoes,VALIDACAO_LOCAL_V126.md,.md,431,8,126
relatorios/historico/validacoes/VALIDACAO_LOCAL_V127.md,relatorios/historico,relatorios/historico/validacoes,VALIDACAO_LOCAL_V127.md,.md,351,9,127
relatorios/historico/validacoes/VALIDACAO_LOCAL_V128.md,relatorios/historico,relatorios/historico/validacoes,VALIDACAO_LOCAL_V128.md,.md,334,9,128
relatorios/historico/validacoes/VALIDACAO_LOCAL_V129.md,relatorios/historico,relatorios/historico/validacoes,VALIDACAO_LOCAL_V129.md,.md,264,6,129
relatorios/historico/validacoes/VALIDACAO_LOCAL_V13.md,relatorios/historico,relatorios/historico/validacoes,VALIDACAO_LOCAL_V13.md,.md,581,21,13
relatorios/historico/validacoes/VALIDACAO_LOCAL_V130.md,relatorios/historico,relatorios/historico/validacoes,VALIDACAO_LOCAL_V130.md,.md,340,8,130
relatorios/historico/validacoes/VALIDACAO_LOCAL_V131.md,relatorios/historico,relatorios/historico/validacoes,VALIDACAO_LOCAL_V131.md,.md,400,10,131
relatorios/historico/validacoes/VALIDACAO_LOCAL_V132.md,relatorios/historico,relatorios/historico/validacoes,VALIDACAO_LOCAL_V132.md,.md,418,10,132
relatorios/historico/validacoes/VALIDACAO_LOCAL_V133.md,relatorios/historico,relatorios/historico/validacoes,VALIDACAO_LOCAL_V133.md,.md,355,8,133
relatorios/historico/validacoes/VALIDACAO_LOCAL_V134.md,relatorios/historico,relatorios/historico/validacoes,VALIDACAO_LOCAL_V134.md,.md,250,8,134
relatorios/historico/validacoes/VALIDACAO_LOCAL_V135.md,relatorios/historico,relatorios/historico/validacoes,VALIDACAO_LOCAL_V135.md,.md,487,10,135
relatorios/historico/validacoes/VALIDACAO_LOCAL_V136.md,relatorios/historico,relatorios/historico/validacoes,VALIDACAO_LOCAL_V136.md,.md,279,9,136
relatorios/historico/validacoes/VALIDACAO_LOCAL_V137.md,relatorios/historico,relatorios/historico/validacoes,VALIDACAO_LOCAL_V137.md,.md,724,14,137
relatorios/historico/validacoes/VALIDACAO_LOCAL_V138.md,relatorios/historico,relatorios/historico/validacoes,VALIDACAO_LOCAL_V138.md,.md,347,6,138
relatorios/historico/validacoes/VALIDACAO_LOCAL_V14.md,relatorios/historico,relatorios/historico/validacoes,VALIDACAO_LOCAL_V14.md,.md,992,28,14
relatorios/historico/validacoes/VALIDACAO_LOCAL_V140.md,relatorios/historico,relatorios/historico/validacoes,VALIDACAO_LOCAL_V140.md,.md,450,11,140
relatorios/historico/validacoes/VALIDACAO_LOCAL_V15.md,relatorios/historico,relatorios/historico/validacoes,VALIDACAO_LOCAL_V15.md,.md,1048,35,15
relatorios/historico/validacoes/VALIDACAO_LOCAL_V16.md,relatorios/historico,relatorios/historico/validacoes,VALIDACAO_LOCAL_V16.md,.md,646,24,16
relatorios/historico/validacoes/VALIDACAO_LOCAL_V18.md,relatorios/historico,relatorios/historico/validacoes,VALIDACAO_LOCAL_V18.md,.md,1471,37,18
relatorios/historico/validacoes/VALIDACAO_LOCAL_V19.md,relatorios/historico,relatorios/historico/validacoes,VALIDACAO_LOCAL_V19.md,.md,190,3,19
relatorios/historico/validacoes/VALIDACAO_LOCAL_V20.md,relatorios/historico,relatorios/historico/validacoes,VALIDACAO_LOCAL_V20.md,.md,273,10,20
relatorios/historico/validacoes/VALIDACAO_LOCAL_V21.md,relatorios/historico,relatorios/historico/validacoes,VALIDACAO_LOCAL_V21.md,.md,605,23,21
relatorios/historico/validacoes/VALIDACAO_LOCAL_V22.md,relatorios/historico,relatorios/historico/validacoes,VALIDACAO_LOCAL_V22.md,.md,704,23,22
relatorios/historico/validacoes/VALIDACAO_LOCAL_V23.md,relatorios/historico,relatorios/historico/validacoes,VALIDACAO_LOCAL_V23.md,.md,543,17,23
relatorios/historico/validacoes/VALIDACAO_LOCAL_V24.md,relatorios/historico,relatorios/historico/validacoes,VALIDACAO_LOCAL_V24.md,.md,443,17,24
relatorios/historico/validacoes/VALIDACAO_LOCAL_V25.md,relatorios/historico,relatorios/historico/validacoes,VALIDACAO_LOCAL_V25.md,.md,540,14,25
relatorios/historico/validacoes/VALIDACAO_LOCAL_V26.md,relatorios/historico,relatorios/historico/validacoes,VALIDACAO_LOCAL_V26.md,.md,82,1,26
relatorios/historico/validacoes/VALIDACAO_LOCAL_V27.md,relatorios/historico,relatorios/historico/validacoes,VALIDACAO_LOCAL_V27.md,.md,115,5,27
relatorios/historico/validacoes/VALIDACAO_LOCAL_V28.md,relatorios/historico,relatorios/historico/validacoes,VALIDACAO_LOCAL_V28.md,.md,132,1,28
relatorios/historico/validacoes/VALIDACAO_LOCAL_V29.md,relatorios/historico,relatorios/historico/validacoes,VALIDACAO_LOCAL_V29.md,.md,199,1,29
relatorios/historico/validacoes/VALIDACAO_LOCAL_V30.md,relatorios/historico,relatorios/historico/validacoes,VALIDACAO_LOCAL_V30.md,.md,99,3,30
relatorios/historico/validacoes/VALIDACAO_LOCAL_V31.md,relatorios/historico,relatorios/historico/validacoes,VALIDACAO_LOCAL_V31.md,.md,1132,23,31
relatorios/historico/validacoes/VALIDACAO_LOCAL_V32.md,relatorios/historico,relatorios/historico/validacoes,VALIDACAO_LOCAL_V32.md,.md,1203,30,32
relatorios/historico/validacoes/VALIDACAO_LOCAL_V33.md,relatorios/historico,relatorios/historico/validacoes,VALIDACAO_LOCAL_V33.md,.md,1503,41,33
relatorios/historico/validacoes/VALIDACAO_LOCAL_V34.md,relatorios/historico,relatorios/historico/validacoes,VALIDACAO_LOCAL_V34.md,.md,1438,41,34
relatorios/historico/validacoes/VALIDACAO_LOCAL_V35.md,relatorios/historico,relatorios/historico/validacoes,VALIDACAO_LOCAL_V35.md,.md,1807,56,35
relatorios/historico/validacoes/VALIDACAO_LOCAL_V36.md,relatorios/historico,relatorios/historico/validacoes,VALIDACAO_LOCAL_V36.md,.md,1343,38,36
relatorios/historico/validacoes/VALIDACAO_LOCAL_V37.md,relatorios/historico,relatorios/historico/validacoes,VALIDACAO_LOCAL_V37.md,.md,1616,40,37
relatorios/historico/validacoes/VALIDACAO_LOCAL_V38.md,relatorios/historico,relatorios/historico/validacoes,VALIDACAO_LOCAL_V38.md,.md,514,15,38
relatorios/historico/validacoes/VALIDACAO_LOCAL_V39.md,relatorios/historico,relatorios/historico/validacoes,VALIDACAO_LOCAL_V39.md,.md,1299,33,39
relatorios/historico/validacoes/VALIDACAO_LOCAL_V40.md,relatorios/historico,relatorios/historico/validacoes,VALIDACAO_LOCAL_V40.md,.md,819,26,40
relatorios/historico/validacoes/VALIDACAO_LOCAL_V41.md,relatorios/historico,relatorios/historico/validacoes,VALIDACAO_LOCAL_V41.md,.md,872,22,41
relatorios/historico/validacoes/VALIDACAO_LOCAL_V42.md,relatorios/historico,relatorios/historico/validacoes,VALIDACAO_LOCAL_V42.md,.md,1226,30,42
relatorios/historico/validacoes/VALIDACAO_LOCAL_V45.md,relatorios/historico,relatorios/historico/validacoes,VALIDACAO_LOCAL_V45.md,.md,1097,26,45
relatorios/historico/validacoes/VALIDACAO_LOCAL_V48.md,relatorios/historico,relatorios/historico/validacoes,VALIDACAO_LOCAL_V48.md,.md,979,23,48
relatorios/historico/validacoes/VALIDACAO_LOCAL_V50.md,relatorios/historico,relatorios/historico/validacoes,VALIDACAO_LOCAL_V50.md,.md,555,17,50
relatorios/historico/validacoes/VALIDACAO_LOCAL_V51.md,relatorios/historico,relatorios/historico/validacoes,VALIDACAO_LOCAL_V51.md,.md,669,22,51
relatorios/historico/validacoes/VALIDACAO_LOCAL_V52.md,relatorios/historico,relatorios/historico/validacoes,VALIDACAO_LOCAL_V52.md,.md,822,27,52
relatorios/historico/validacoes/VALIDACAO_LOCAL_V55.md,relatorios/historico,relatorios/historico/validacoes,VALIDACAO_LOCAL_V55.md,.md,581,9,55
relatorios/historico/validacoes/VALIDACAO_LOCAL_V58.md,relatorios/historico,relatorios/historico/validacoes,VALIDACAO_LOCAL_V58.md,.md,1747,37,58
relatorios/historico/validacoes/VALIDACAO_LOCAL_V59.md,relatorios/historico,relatorios/historico/validacoes,VALIDACAO_LOCAL_V59.md,.md,1553,39,59
relatorios/historico/validacoes/VALIDACAO_LOCAL_V6.md,relatorios/historico,relatorios/historico/validacoes,VALIDACAO_LOCAL_V6.md,.md,1374,33,6
relatorios/historico/validacoes/VALIDACAO_LOCAL_V60.md,relatorios/historico,relatorios/historico/validacoes,VALIDACAO_LOCAL_V60.md,.md,1578,39,60
relatorios/historico/validacoes/VALIDACAO_LOCAL_V61.md,relatorios/historico,relatorios/historico/validacoes,VALIDACAO_LOCAL_V61.md,.md,1747,41,61
relatorios/historico/validacoes/VALIDACAO_LOCAL_V62.md,relatorios/historico,relatorios/historico/validacoes,VALIDACAO_LOCAL_V62.md,.md,1987,44,62
relatorios/historico/validacoes/VALIDACAO_LOCAL_V63.md,relatorios/historico,relatorios/historico/validacoes,VALIDACAO_LOCAL_V63.md,.md,2158,46,63
relatorios/historico/validacoes/VALIDACAO_LOCAL_V64.md,relatorios/historico,relatorios/historico/validacoes,VALIDACAO_LOCAL_V64.md,.md,2158,46,64
relatorios/historico/validacoes/VALIDACAO_LOCAL_V65.md,relatorios/historico,relatorios/historico/validacoes,VALIDACAO_LOCAL_V65.md,.md,2337,49,65
relatorios/historico/validacoes/VALIDACAO_LOCAL_V66.md,relatorios/historico,relatorios/historico/validacoes,VALIDACAO_LOCAL_V66.md,.md,2702,55,66
relatorios/historico/validacoes/VALIDACAO_LOCAL_V67.md,relatorios/historico,relatorios/historico/validacoes,VALIDACAO_LOCAL_V67.md,.md,2526,52,67
relatorios/historico/validacoes/VALIDACAO_LOCAL_V68.md,relatorios/historico,relatorios/historico/validacoes,VALIDACAO_LOCAL_V68.md,.md,2489,49,68
relatorios/historico/validacoes/VALIDACAO_LOCAL_V69.md,relatorios/historico,relatorios/historico/validacoes,VALIDACAO_LOCAL_V69.md,.md,2507,50,69
relatorios/historico/validacoes/VALIDACAO_LOCAL_V7.md,relatorios/historico,relatorios/historico/validacoes,VALIDACAO_LOCAL_V7.md,.md,723,27,7
relatorios/historico/validacoes/VALIDACAO_LOCAL_V71.md,relatorios/historico,relatorios/historico/validacoes,VALIDACAO_LOCAL_V71.md,.md,2834,53,71
relatorios/historico/validacoes/VALIDACAO_LOCAL_V72.md,relatorios/historico,relatorios/historico/validacoes,VALIDACAO_LOCAL_V72.md,.md,2834,53,72
relatorios/historico/validacoes/VALIDACAO_LOCAL_V73.md,relatorios/historico,relatorios/historico/validacoes,VALIDACAO_LOCAL_V73.md,.md,1541,34,73
relatorios/historico/validacoes/VALIDACAO_LOCAL_V74.md,relatorios/historico,relatorios/historico/validacoes,VALIDACAO_LOCAL_V74.md,.md,1422,30,74
relatorios/historico/validacoes/VALIDACAO_LOCAL_V75.md,relatorios/historico,relatorios/historico/validacoes,VALIDACAO_LOCAL_V75.md,.md,1180,30,75
relatorios/historico/validacoes/VALIDACAO_LOCAL_V76.md,relatorios/historico,relatorios/historico/validacoes,VALIDACAO_LOCAL_V76.md,.md,1253,30,76
relatorios/historico/validacoes/VALIDACAO_LOCAL_V77.md,relatorios/historico,relatorios/historico/validacoes,VALIDACAO_LOCAL_V77.md,.md,1570,38,77
relatorios/historico/validacoes/VALIDACAO_LOCAL_V78.md,relatorios/historico,relatorios/historico/validacoes,VALIDACAO_LOCAL_V78.md,.md,1823,45,78
relatorios/historico/validacoes/VALIDACAO_LOCAL_V79.md,relatorios/historico,relatorios/historico/validacoes,VALIDACAO_LOCAL_V79.md,.md,2038,51,79
relatorios/historico/validacoes/VALIDACAO_LOCAL_V8.md,relatorios/historico,relatorios/historico/validacoes,VALIDACAO_LOCAL_V8.md,.md,769,27,8
relatorios/historico/validacoes/VALIDACAO_LOCAL_V80.md,relatorios/historico,relatorios/historico/validacoes,VALIDACAO_LOCAL_V80.md,.md,641,16,80
relatorios/historico/validacoes/VALIDACAO_LOCAL_V82.md,relatorios/historico,relatorios/historico/validacoes,VALIDACAO_LOCAL_V82.md,.md,628,16,82
relatorios/historico/validacoes/VALIDACAO_LOCAL_V83.md,relatorios/historico,relatorios/historico/validacoes,VALIDACAO_LOCAL_V83.md,.md,628,16,83
relatorios/historico/validacoes/VALIDACAO_LOCAL_V84.md,relatorios/historico,relatorios/historico/validacoes,VALIDACAO_LOCAL_V84.md,.md,563,18,84
relatorios/historico/validacoes/VALIDACAO_LOCAL_V85.md,relatorios/historico,relatorios/historico/validacoes,VALIDACAO_LOCAL_V85.md,.md,1109,25,85
relatorios/historico/validacoes/VALIDACAO_LOCAL_V86.md,relatorios/historico,relatorios/historico/validacoes,VALIDACAO_LOCAL_V86.md,.md,1189,27,86
relatorios/historico/validacoes/VALIDACAO_LOCAL_V87.md,relatorios/historico,relatorios/historico/validacoes,VALIDACAO_LOCAL_V87.md,.md,582,18,87
relatorios/historico/validacoes/VALIDACAO_LOCAL_V88.md,relatorios/historico,relatorios/historico/validacoes,VALIDACAO_LOCAL_V88.md,.md,582,18,88
relatorios/historico/validacoes/VALIDACAO_LOCAL_V89.md,relatorios/historico,relatorios/historico/validacoes,VALIDACAO_LOCAL_V89.md,.md,854,25,89
relatorios/historico/validacoes/VALIDACAO_LOCAL_V9.md,relatorios/historico,relatorios/historico/validacoes,VALIDACAO_LOCAL_V9.md,.md,380,14,9
relatorios/historico/validacoes/VALIDACAO_LOCAL_V90.md,relatorios/historico,relatorios/historico/validacoes,VALIDACAO_LOCAL_V90.md,.md,441,15,90
relatorios/historico/validacoes/VALIDACAO_LOCAL_V91.md,relatorios/historico,relatorios/historico/validacoes,VALIDACAO_LOCAL_V91.md,.md,441,15,91
relatorios/historico/validacoes/VALIDACAO_LOCAL_V92.md,relatorios/historico,relatorios/historico/validacoes,VALIDACAO_LOCAL_V92.md,.md,366,14,92
relatorios/historico/validacoes/VALIDACAO_LOCAL_V93.md,relatorios/historico,relatorios/historico/validacoes,VALIDACAO_LOCAL_V93.md,.md,569,15,93
relatorios/historico/validacoes/VALIDACAO_LOCAL_V94.md,relatorios/historico,relatorios/historico/validacoes,VALIDACAO_LOCAL_V94.md,.md,569,15,94
relatorios/historico/validacoes/VALIDACAO_LOCAL_V95.md,relatorios/historico,relatorios/historico/validacoes,VALIDACAO_LOCAL_V95.md,.md,549,14,95
relatorios/historico/validacoes/VALIDACAO_LOCAL_V96.md,relatorios/historico,relatorios/historico/validacoes,VALIDACAO_LOCAL_V96.md,.md,549,14,96
relatorios/historico/validacoes/VALIDACAO_LOCAL_V97.md,relatorios/historico,relatorios/historico/validacoes,VALIDACAO_LOCAL_V97.md,.md,549,14,97
relatorios/historico/validacoes/VALIDACAO_LOCAL_V98.md,relatorios/historico,relatorios/historico/validacoes,VALIDACAO_LOCAL_V98.md,.md,683,17,98
relatorios/historico/validacoes/VALIDACAO_LOCAL_V99.md,relatorios/historico,relatorios/historico/validacoes,VALIDACAO_LOCAL_V99.md,.md,908,22,99
relatorios/historico/validacoes_diarias/CONTRATO_SUPLEMENTAR_POS_VENCIMENTO_GATE_V177.md,relatorios/historico,relatorios/historico/validacoes_diarias,CONTRATO_SUPLEMENTAR_POS_VENCIMENTO_GATE_V177.md,.md,1577,30,177
relatorios/historico/validacoes_diarias/CONTRATO_VALIDACAO_DIARIA_OBJETIVO_FINAL_V176.md,relatorios/historico,relatorios/historico/validacoes_diarias,CONTRATO_VALIDACAO_DIARIA_OBJETIVO_FINAL_V176.md,.md,2998,51,176
relatorios/historico/validacoes_diarias/CORRECAO_POS_VENCIMENTO_GATE_SWITCHING_V177.md,relatorios/historico,relatorios/historico/validacoes_diarias,CORRECAO_POS_VENCIMENTO_GATE_SWITCHING_V177.md,.md,1233,25,177
relatorios/historico/validacoes_diarias/REORGANIZACAO_VALIDACAO_DIARIA_V176.md,relatorios/historico,relatorios/historico/validacoes_diarias,REORGANIZACAO_VALIDACAO_DIARIA_V176.md,.md,1606,31,176
relatorios/historico/validacoes_diarias/VALIDACAO_DIARIA_OPERACIONAL_V175_2026-04-23_2026-05-23.md,relatorios/historico,relatorios/historico/validacoes_diarias,VALIDACAO_DIARIA_OPERACIONAL_V175_2026-04-23_2026-05-23.md,.md,1817,44,175
relatorios/historico/validacoes_diarias/VALIDACAO_DIARIA_OPERACIONAL_V176_2026-04-23_2026-05-23.md,relatorios/historico,relatorios/historico/validacoes_diarias,VALIDACAO_DIARIA_OPERACIONAL_V176_2026-04-23_2026-05-23.md,.md,592,20,176
relatorios/historico/validacoes_diarias/VALIDACAO_DIARIA_OPERACIONAL_V177_2026-04-23_2026-05-23.md,relatorios/historico,relatorios/historico/validacoes_diarias,VALIDACAO_DIARIA_OPERACIONAL_V177_2026-04-23_2026-05-23.md,.md,405,10,177
relatorios/historico/validacoes_diarias/VALIDACAO_DIARIA_OPERACIONAL_V178_2026-04-23_2026-05-23.md,relatorios/historico,relatorios/historico/validacoes_diarias,VALIDACAO_DIARIA_OPERACIONAL_V178_2026-04-23_2026-05-23.md,.md,4050,72,178
