arquivo,nome,versao_detectada,faixa_versao,classe_preliminar,linhas,tamanho_bytes,titulo,primeiras_linhas
relatorios/historico/baselines/BASELINE_FIXA_V10.md,BASELINE_FIXA_V10.md,10,V001_V030,BASELINE_RELEVANTE,24,746,Baseline fixa V10,"# Baseline fixa V10 | Esta versão do repositório foi congelada como baseline fixa de referência da fase atual do projeto. | ## Escopo desta derivação | A V10 abre de forma restrita o bloco 03 apenas na parte estrutural da aba `Carteira`, incluindo: | - carteira canônica inicial;"
relatorios/historico/baselines/BASELINE_FIXA_V100.md,BASELINE_FIXA_V100.md,100,V091_V120,BASELINE_RELEVANTE,20,1135,Baseline fixa V100,"# Baseline fixa V100 | ## Escopo da V100 | A V100 preserva a baseline funcional da V99, mantém a saída operacional do console e do extrato futuro já aprovadas e adiciona uma auditoria temporal explícita sobre a `decisao_local_v1`, com depleção cumulativa dos lotes sugeridos na fotografia da data de referência. | ## O que a V100 altera"
relatorios/historico/baselines/BASELINE_FIXA_V101.md,BASELINE_FIXA_V101.md,101,V091_V120,BASELINE_RELEVANTE,19,1177,Baseline fixa V101,"# Baseline fixa V101 | ## Escopo da V101 | A V101 preserva a baseline funcional da V100, mantém a saída operacional do console e do extrato futuro já aprovadas, preserva a auditoria temporal explícita sobre a `decisao_local_v1` e adiciona uma camada de reescolha dinâmica pós-quebra para recomputar a fonte dos pagamentos futuros que deixam de ser coerentes sequencialmente, sem reabrir o solver global. | ## O que a V101 altera"
relatorios/historico/baselines/BASELINE_FIXA_V103.md,BASELINE_FIXA_V103.md,103,V091_V120,BASELINE_RELEVANTE,12,908,BASELINE FIXA V103,"# BASELINE FIXA V103 | A V103 preserva a baseline funcional imediatamente anterior e adiciona uma **heurística conjunta parcial** focada no bloco crítico entre **20/04/2026** e **20/05/2026**. A nova camada continua sem solver global, usa a `decisao_local_v1` com `proxy v3` como base e introduz planejamento de reservas estratégicas por fonte para testar se a primeira grande quebra estrutural pode ser adiada. | ## O que a V103 adiciona | - nova camada `heuristica_conjunta_parcial_bloco_critico`; | - planejamento heurístico de reservas por fonte para o bloco crítico;"
relatorios/historico/baselines/BASELINE_FIXA_V104.md,BASELINE_FIXA_V104.md,104,V091_V120,BASELINE_RELEVANTE,10,759,BASELINE FIXA V104,"# BASELINE FIXA V104 | A V104 preserva a baseline funcional imediatamente anterior e adiciona a camada `planejamento_conjunto_local_bloco_critico_v1`, restrita ao intervalo **20/04/2026–20/05/2026**. Essa camada compara poucas políticas candidatas de consumo e preservação de lotes com objetivo explícito de melhorar a cobertura do **Cartão Azul de 20/05** sem abrir solver global. | ## O que a V104 adiciona | - comparação auditável entre políticas candidatas do bloco crítico; | - seleção automática da melhor política local segundo cobertura do evento-âncora, pagamentos cobertos no bloco e déficit total;"
relatorios/historico/baselines/BASELINE_FIXA_V105.md,BASELINE_FIXA_V105.md,105,V091_V120,BASELINE_RELEVANTE,14,641,Baseline fixa V105,"# Baseline fixa V105 | A V105 preserva a baseline imediatamente anterior e adiciona a camada `microplanejamento_conjunto_bloco_critico_v2`, restrita ao intervalo **20/04/2026–20/05/2026**. | ## Objetivo | - comparar poucas políticas candidatas no bloco crítico; | - embutir multifonte de forma controlada; | - usar reservas explícitas de lotes estratégicos;"
relatorios/historico/baselines/BASELINE_FIXA_V106.md,BASELINE_FIXA_V106.md,106,V091_V120,MARCO_CHAVE_PROVAVEL,18,979,Baseline fixa V106,"# Baseline fixa V106 | A V106 preserva integralmente a baseline imediatamente anterior em termos de lógica executável e adiciona uma **camada documental/contratual** de saneamento do repositório. | ## Objetivo | - separar formalmente a trilha experimental local da frente central do projeto; | - redefinir o eixo principal do repositório no motor conjunto de pagamentos, aportes e switching; | - formalizar a métrica canônica mínima central que vai governar a futura `recomputacao_sequencial_central_v1`."
relatorios/historico/baselines/BASELINE_FIXA_V107.md,BASELINE_FIXA_V107.md,107,V091_V120,BASELINE_RELEVANTE,10,412,Baseline fixa V107,# Baseline fixa V107 | A V107 preserva a governança contratual da V106 e adiciona a primeira camada executável da frente central: `recomputacao_sequencial_central_v1`. | ## Propósito | - retomar a frente central do projeto; | - usar a métrica canônica mínima central como régua obrigatória;
relatorios/historico/baselines/BASELINE_FIXA_V108.md,BASELINE_FIXA_V108.md,108,V091_V120,BASELINE_RELEVANTE,11,459,Baseline fixa V108,"# Baseline fixa V108 | A V108 preserva a governança contratual da V106 e a retomada da frente central da V107, adicionando uma calibração mínima da `recomputacao_sequencial_central_v1`. | ## Escopo fixado | - frente central mantida como eixo principal; | - V103–V105 mantidas como trilha experimental local;"
relatorios/historico/baselines/BASELINE_FIXA_V11.md,BASELINE_FIXA_V11.md,11,V001_V030,BASELINE_RELEVANTE,20,704,Baseline fixa V11,"# Baseline fixa V11 | Esta versão do repositório foi congelada como baseline fixa de referência da fase atual do projeto. | ## Escopo específico da V11 | A V11 abre de forma restrita o bloco 05 apenas na parte de **dados operacionais canônicos**, sem replay do passado e sem núcleo financeiro."
relatorios/historico/baselines/BASELINE_FIXA_V114.md,BASELINE_FIXA_V114.md,114,V091_V120,BASELINE_RELEVANTE,9,372,Baseline fixa V114,# Baseline fixa V114 | A V114 adiciona o `motor_recomendacao_pagamentos_switching_v1` ao repositório. | ## Status da baseline | - **baseline principal da frente central:** V108 | - **baseline do repositório entregue:** V114
relatorios/historico/baselines/BASELINE_FIXA_V115.md,BASELINE_FIXA_V115.md,115,V091_V120,BASELINE_RELEVANTE,14,600,Baseline fixa V115,# Baseline fixa V115 | A V115 é uma baseline de **reorganização estrutural e limpeza controlada** do repositório. | ## Status da baseline | - **baseline central/contratual da frente principal:** V108 | - **baseline operacional por conta preservada:** V114
relatorios/historico/baselines/BASELINE_FIXA_V116.md,BASELINE_FIXA_V116.md,116,V091_V120,BASELINE_RELEVANTE,14,724,Baseline fixa V116,# Baseline fixa V116 | A V116 é uma baseline de **recalibração cirúrgica do comparador local** do `motor_recomendacao_pagamentos_switching_v1`. | ## Status da baseline | - **baseline central/contratual da frente principal:** V108 | - **baseline estrutural imediatamente anterior:** V115
relatorios/historico/baselines/BASELINE_FIXA_V117.md,BASELINE_FIXA_V117.md,117,V091_V120,BASELINE_RELEVANTE,14,837,Baseline fixa V117,# Baseline fixa V117 | A V117 é uma baseline **documental/técnica mínima** voltada à formalização do futuro motor conjunto temporal do projeto. | ## Status da baseline | - **baseline central/contratual da frente principal:** V108 | - **baseline operacional imediatamente anterior:** V116
relatorios/historico/baselines/BASELINE_FIXA_V118.md,BASELINE_FIXA_V118.md,118,V091_V120,BASELINE_RELEVANTE,33,1243,Baseline fixa V118,# Baseline fixa V118 | A V118 é a baseline **funcional mínima** da nova camada temporal do projeto. | ## Papel da V118 | - preservar a baseline central V108 como referência contratual; | - preservar a V116 como baseline operacional anterior por conta;
relatorios/historico/baselines/BASELINE_FIXA_V119.md,BASELINE_FIXA_V119.md,119,V091_V120,BASELINE_RELEVANTE,21,725,Baseline fixa V119,# Baseline fixa V119 | A V119 é a baseline **temporal mínima com transição econômica real simplificada do lote**. | ## Papel da V119 | A V119 preserva: | - o contrato V117 do motor conjunto temporal;
relatorios/historico/baselines/BASELINE_FIXA_V12.md,BASELINE_FIXA_V12.md,12,V001_V030,BASELINE_RELEVANTE,18,610,Baseline fixa V12,"# Baseline fixa V12 | Esta versão do repositório foi congelada como baseline fixa de referência da fase atual do projeto. | ## Escopo adicional da V12 | Além do que já existia na V11, a V12 consolida uma camada neutra compartilhada para: | - calendário financeiro;"
relatorios/historico/baselines/BASELINE_FIXA_V120.md,BASELINE_FIXA_V120.md,120,V091_V120,BASELINE_RELEVANTE,21,856,Baseline fixa V120,# Baseline fixa V120 | A V120 é a baseline **temporal mínima recalibrada no planejador de switching**. | ## Papel da V120 | A V120 preserva: | - o contrato V117 do motor conjunto temporal;
relatorios/historico/baselines/BASELINE_FIXA_V121.md,BASELINE_FIXA_V121.md,121,V121_V150,BASELINE_RELEVANTE,22,1049,Baseline fixa V121,# Baseline fixa V121 | A V121 é a baseline **temporal mínima expandida para múltiplos destinos elegíveis no planejador de switching**. | ## Papel da V121 | A V121 preserva: | - o contrato V117 do motor conjunto temporal;
relatorios/historico/baselines/BASELINE_FIXA_V122.md,BASELINE_FIXA_V122.md,122,V121_V150,BASELINE_RELEVANTE,20,765,Baseline fixa V122,# Baseline fixa V122 | A V122 é a baseline **diagnóstica multihorizonte do planejador temporal de switching**. | ## Papel da V122 | A V122 preserva: | - a frente central V108;
relatorios/historico/baselines/BASELINE_FIXA_V123.md,BASELINE_FIXA_V123.md,123,V121_V150,BASELINE_RELEVANTE,3,107,V123,# V123 | Baseline fixa focada na incorporação do ranking Carteira-only estabilizado ao projeto principal.
relatorios/historico/baselines/BASELINE_FIXA_V124.md,BASELINE_FIXA_V124.md,124,V121_V150,BASELINE_GRANULAR,3,190,V124,# V124 | Baseline atual após a rerodagem da simulação central controlada em horizonte mais longo usando o ranking Carteira-only estabilizado como fonte de destinos do planejador temporal.
relatorios/historico/baselines/BASELINE_FIXA_V125.md,BASELINE_FIXA_V125.md,125,V121_V150,BASELINE_GRANULAR,3,214,V125,"# V125 | Baseline atual após a auditoria multihorizonte do cenário conjunto, expandindo a análise temporal para uma grade mais rica de janelas e verificando quando o switching realmente sobrevive economicamente."
relatorios/historico/baselines/BASELINE_FIXA_V126.md,BASELINE_FIXA_V126.md,126,V121_V150,BASELINE_RELEVANTE,3,209,Baseline fixa V126,"# Baseline fixa V126 | A V126 formaliza a grade diária de avaliação de data ótima de switching, com comparação condicional por dia e suporte a cenários isolados/agrupados em modo integral e parcial 50%."
relatorios/historico/baselines/BASELINE_FIXA_V127.md,BASELINE_FIXA_V127.md,127,V121_V150,BASELINE_RELEVANTE,3,247,Baseline fixa V127,"# Baseline fixa V127 | A V127 consolida a exclusão definitiva do switching parcial na grade diária e passa a avaliar apenas cenários integrais individuais e agrupados, com suporte explícito a lotes não aportados disponíveis quando existirem."
relatorios/historico/baselines/BASELINE_FIXA_V128.md,BASELINE_FIXA_V128.md,128,V121_V150,BASELINE_RELEVANTE,3,231,Baseline fixa V128,"# Baseline fixa V128 | A V128 consolida a continuação da grade diária integral após `2026-05-20` e confirma, no horizonte auditado ampliado até `2026-08-18`, que a janela vencedora iniciada em `2026-04-30` permanece dominante."
relatorios/historico/baselines/BASELINE_FIXA_V129.md,BASELINE_FIXA_V129.md,129,V121_V150,BASELINE_RELEVANTE,3,187,Baseline fixa V129,"# Baseline fixa V129 | A V129 corrige a leitura/propagação de parâmetros de produto no switching temporal, com foco em aplicação mínima/máxima e auditoria focal da janela crítica."
relatorios/historico/baselines/BASELINE_FIXA_V13.md,BASELINE_FIXA_V13.md,13,V001_V030,BASELINE_RELEVANTE,14,460,Baseline fixa V13,"# Baseline fixa V13 | Esta versão congela a baseline com refinamentos de auditabilidade no console. | ## Escopo adicional da V13 | Além do que já existia na V12, a V13 consolida: | - severidade explícita no console (`OK`, `AVISO`, `ERRO`);"
relatorios/historico/baselines/BASELINE_FIXA_V130.md,BASELINE_FIXA_V130.md,130,V121_V150,BASELINE_RELEVANTE,3,221,Baseline fixa V130,"# Baseline fixa V130 | A V130 mantém a V129 como baseline lógica e adiciona a rerodagem parametrizada da janela crítica `2026-04-30` a `2026-05-20`, com validação de ticket individual e agrupado no switching diário."
relatorios/historico/baselines/BASELINE_FIXA_V131.md,BASELINE_FIXA_V131.md,131,V121_V150,BASELINE_RELEVANTE,3,277,Baseline fixa — V131,"# Baseline fixa — V131 | A V131 mantém a lógica operacional da V130 e adiciona uma auditoria cirúrgica do bloco `2026-05-13` a `2026-05-20`, mostrando que o cenário `Lote 8500 mar. -> Combo PicPay 100-120 3m` vence a métrica lexicográfica, mas não o objetivo terminal."
relatorios/historico/baselines/BASELINE_FIXA_V132.md,BASELINE_FIXA_V132.md,132,V121_V150,BASELINE_RELEVANTE,3,290,Baseline fixa V132,"# Baseline fixa V132 | A V132 introduz o comparador híbrido de switching, que reclassifica cenários diários em vencedor operacional, vencedor terminal, vencedor híbrido aceitável ou dominado pelo baseline, bloqueando promoção automática de cenários que piorem patrimônio terminal."
relatorios/historico/baselines/BASELINE_FIXA_V133.md,BASELINE_FIXA_V133.md,133,V121_V150,BASELINE_RELEVANTE,5,322,Baseline fixa V133,"# Baseline fixa V133 | A V133 promove a integração do comparador híbrido ao fluxo oficial da grade diária. | Mudança central: o consolidado diário oficial deixa de promover automaticamente vencedores apenas operacionais e passa a emitir `vencedor terminal`, `vencedor híbrido aceitável` ou `baseline_sem_switching`."
relatorios/historico/baselines/BASELINE_FIXA_V134.md,BASELINE_FIXA_V134.md,134,V121_V150,BASELINE_RELEVANTE,3,218,Baseline fixa V134,"# Baseline fixa V134 | A V134 consolida a expansão da grade diária oficial híbrida além de 2026-05-20, com promoção oficial apenas de `vencedor_terminal`, `vencedor_hibrido_aceitavel` ou `baseline_sem_switching`."
relatorios/historico/baselines/BASELINE_FIXA_V135.md,BASELINE_FIXA_V135.md,135,V121_V150,BASELINE_RELEVANTE,3,288,Baseline fixa V135,"# Baseline fixa V135 | A V135 consolida a auditoria de fechamento da frente temporal. A decisão vigente é **não encerrar ainda** a frente de switching oficial, porque o horizonte ainda não cobre até `2027-03-31` e a base mantém lotes futuros não aportados materialmente relevantes."
relatorios/historico/baselines/BASELINE_FIXA_V136.md,BASELINE_FIXA_V136.md,136,V121_V150,BASELINE_RELEVANTE,3,238,Baseline fixa V136,"# Baseline fixa V136 | A V136 consolida a correção estrutural da ativação dos lotes não aportados futuros no fluxo oficial híbrido. A partir desta versão, esses lotes entram como fontes elegíveis exatamente na data de recebimento."
relatorios/historico/baselines/BASELINE_FIXA_V137.md,BASELINE_FIXA_V137.md,137,V121_V150,BASELINE_RELEVANTE,6,403,BASELINE FIXA V137,"# BASELINE FIXA V137 | - baseline anterior: V136 | - papel da V137: introduzir a primeira versão funcional do `alocador_pagamentos_terminal_v1` | - escopo: comparação entre saldo disponível, lote não aportado, lote aportado, combinação mínima e cenário com switching elegível filtrado pelo comparador híbrido | - status: baseline apta para a próxima etapa de integração com o motor de pagamentos"
relatorios/historico/baselines/BASELINE_FIXA_V138.md,BASELINE_FIXA_V138.md,138,V121_V150,BASELINE_RELEVANTE,5,476,BASELINE FIXA V138,"# BASELINE FIXA V138 | - papel da V138: integrar o `alocador_pagamentos_terminal_v1` ao fluxo oficial de um recorte curto real de pagamentos. | - foco: validar em dados do projeto quando o fluxo escolhe saldo disponível, lote não aportado, lote aportado, combinação mínima ou cenário com switching elegível já filtrado pelo comparador híbrido. | - escopo: integração funcional do alocador ao recorte curto oficial, sem reabrir a frente de auditoria aberta de switching."
relatorios/historico/baselines/BASELINE_FIXA_V14.md,BASELINE_FIXA_V14.md,14,V001_V030,BASELINE_RELEVANTE,3,166,Baseline fixa V14,"# Baseline fixa V14 | Esta versão do repositório consolida a centralização de utilitários neutros transversais, preservando a baseline operacional da fase atual."
relatorios/historico/baselines/BASELINE_FIXA_V140.md,BASELINE_FIXA_V140.md,140,V121_V150,BASELINE_RELEVANTE,8,390,Baseline fixa V140,# Baseline fixa V140 | A V140 mantém a V139 como baseline estrutural e adiciona o contrato formal de absorção dos modelos do Script 1 na camada de pagamentos. | Nesta etapa: | - não há expansão do bloco real de pagamentos; | - não há nova auditoria ampla de switching; | - o foco é preparar a próxima integração controlada das heurísticas H1–H3 ao `alocador_pagamentos_terminal_v1`.
relatorios/historico/baselines/BASELINE_FIXA_V15.md,BASELINE_FIXA_V15.md,15,V001_V030,BASELINE_RELEVANTE,19,589,Baseline fixa V15,# Baseline fixa V15 | Esta versão do repositório foi congelada como baseline fixa de referência da fase atual do projeto. | ## Destaque da V15 | A V15 abre apenas a metade canônica e reconciliatória do bloco 06: | - normalização shadow dos lotes; | - índice canônico de lotes;
relatorios/historico/baselines/BASELINE_FIXA_V16.md,BASELINE_FIXA_V16.md,16,V001_V030,BASELINE_RELEVANTE,15,613,Baseline fixa V16,"# Baseline fixa V16 | Esta versão do repositório foi congelada como baseline fixa de referência da fase atual do projeto. | ## Objetivo | Preservar uma base estável, coerente com o contrato operacional consolidado, agora com: | - matching canônico de produtos aportados reforçado; | - resumo shadow mais consolidado;"
relatorios/historico/baselines/BASELINE_FIXA_V18.md,BASELINE_FIXA_V18.md,18,V001_V030,BASELINE_RELEVANTE,15,480,Baseline fixa V18,# Baseline fixa V18 | Esta versão consolida a nova base fixa do projeto e adapta a baseline ao contrato da aba única `Carteira`. | ## O que foi aberto nesta versão | - universo único de produtos na aba `Carteira`; | - triagem programática v1 do motor; | - score multicritério auditável de seleção de candidatos.
relatorios/historico/baselines/BASELINE_FIXA_V19.md,BASELINE_FIXA_V19.md,19,V001_V030,BASELINE_RELEVANTE,6,265,Baseline fixa V19,# Baseline fixa V19 | Esta versão corrige duas incoerências identificadas após a V18: | - remoção do fallback nominal específico de `CDB Turbinado` no matching canônico; | - enquadramento explícito do score v1 apenas como **triagem preliminar proxy** do motor.
relatorios/historico/baselines/BASELINE_FIXA_V20.md,BASELINE_FIXA_V20.md,20,V001_V030,BASELINE_RELEVANTE,3,244,Baseline fixa V20,"# Baseline fixa V20 | V20 consolida a V19 com três ajustes finos: explicitação de metadados derivados da `Carteira` como ponte transitória, calibração conservadora da triagem v1 e reforço da auditoria de matching canônico/resumo shadow."
relatorios/historico/baselines/BASELINE_FIXA_V21.md,BASELINE_FIXA_V21.md,21,V001_V030,BASELINE_RELEVANTE,3,185,Baseline fixa V21,"# Baseline fixa V21 | Derivação curta da V20 com ajustes finos de transição estrutural da `Carteira`, calibração cautelosa da triagem v1 e auditoria reforçada de matching/shadow."
relatorios/historico/baselines/BASELINE_FIXA_V22.md,BASELINE_FIXA_V22.md,22,V001_V030,BASELINE_RELEVANTE,19,496,Baseline fixa V22,# Baseline fixa V22 | A V22 é a baseline operacional que incorpora apenas o núcleo financeiro mínimo do bloco 07. | ## Escopo aberto nesta versão | - helpers fiscais/liquidez de baixo nível; | - classe `Lote`; | - criação de lote;
relatorios/historico/baselines/BASELINE_FIXA_V23.md,BASELINE_FIXA_V23.md,23,V001_V030,BASELINE_RELEVANTE,9,360,BASELINE FIXA V23,# BASELINE FIXA V23 | A V23 abre o replay controlado do passado sobre o núcleo financeiro mínimo. | Escopo desta etapa: | - reconciliar pagamentos históricos com lotes explicitamente informados; | - atualizar remanescentes por lote; | - gerar log técnico do replay;
relatorios/historico/baselines/BASELINE_FIXA_V24.md,BASELINE_FIXA_V24.md,24,V001_V030,BASELINE_RELEVANTE,3,247,BASELINE FIXA V24,"# BASELINE FIXA V24 | A V24 reforça o replay controlado do passado sobre a V23, materializando lotes históricos não aportados marcados com `Investimento='-'` e resolvendo aliases históricos auditáveis antes de qualquer nova camada econômica."
relatorios/historico/baselines/BASELINE_FIXA_V25.md,BASELINE_FIXA_V25.md,25,V001_V030,BASELINE_RELEVANTE,5,625,BASELINE FIXA V25,"# BASELINE FIXA V25 | A V25 preserva a V24 como base estrutural do replay controlado do passado e corrige o modelo base em três pontos: (1) remove arredondamento monetário diário do saldo bruto interno dos lotes, preservando precisão interna; (2) melhora a exaustão do lote no saque quando o alvo líquido praticamente consome todo o valor disponível; (3) adiciona cache diário do CDI do BCB para auditoria e replay, com fallback controlado para taxa de modelo quando a série não puder ser obtida. | A V25 não abre switching econômico, score econômico final, solver, engine completa ou relatório financeiro atual."
relatorios/historico/baselines/BASELINE_FIXA_V26.md,BASELINE_FIXA_V26.md,26,V001_V030,BASELINE_GRANULAR,1,115,BASELINE_FIXA_V26.md,Baseline V28: cache CDI diário com fallback local em dados/cache_bcb.json e atualização do arquivo ao executar.
relatorios/historico/baselines/BASELINE_FIXA_V27.md,BASELINE_FIXA_V27.md,27,V001_V030,BASELINE_RELEVANTE,3,151,BASELINE FIXA V27,# BASELINE FIXA V27 | V27: atualização neutra da baseline V26 com a nova base de dados fixa e compatibilidade entre as abas `Carteira` e `Carteiras`.
relatorios/historico/baselines/BASELINE_FIXA_V28.md,BASELINE_FIXA_V28.md,28,V001_V030,BASELINE_GRANULAR,1,149,BASELINE_FIXA_V28.md,"Baseline V28: correção do cache diário do CDI do BCB com parse estrito dd/mm/yyyy, filtro explícito de janela e fator diário na escala correta."
relatorios/historico/baselines/BASELINE_FIXA_V29.md,BASELINE_FIXA_V29.md,29,V001_V030,BASELINE_GRANULAR,1,171,BASELINE_FIXA_V29.md,Baseline V29: auditoria comparativa dos lotes críticos no console e tabela explícita de inconsistências do replay controlado com nomes das despesas e lotes informados.
relatorios/historico/baselines/BASELINE_FIXA_V30.md,BASELINE_FIXA_V30.md,30,V001_V030,BASELINE_RELEVANTE,3,136,BASELINE FIXA V30,"# BASELINE FIXA V30 | Derivada da V29 com dados_financeiros(11).xlsx, cache_bcb(2).json e referências de app de 15/04/2026 atualizadas."
relatorios/historico/baselines/BASELINE_FIXA_V31.md,BASELINE_FIXA_V31.md,31,V031_V060,BASELINE_RELEVANTE,35,2207,BASELINE FIXA V31,# BASELINE FIXA V31 | Derivada da V30 para corrigir a convenção de valuation da baseline. | ## Escopo aberto nesta versão | - fechamento completo da posição na data de referência; | - fallback controlado do último fator CDI disponível quando o cache não contém o próprio dia da referência;
relatorios/historico/baselines/BASELINE_FIXA_V32.md,BASELINE_FIXA_V32.md,32,V031_V060,BASELINE_RELEVANTE,47,2566,BASELINE FIXA V32,"# BASELINE FIXA V32 | Derivada da V31 para aprofundar a auditoria dos resíduos de saque/arredondamento sem abrir solver, switching econômico, score econômico final, relatório financeiro atual ou engine completa. | ## Ajustes desta derivação | - fixação explícita de `execucao.data_referencia_simulacao = 2026-04-15` em `dados/config_atualizado.json` para manter a auditoria alinhada às referências dos apps; | - ampliação da auditoria no console com uma nova seção de rastreamento causal dos resíduos no nível do evento histórico;"
relatorios/historico/baselines/BASELINE_FIXA_V33.md,BASELINE_FIXA_V33.md,33,V031_V060,BASELINE_RELEVANTE,36,2260,BASELINE FIXA V33,"# BASELINE FIXA V33 | Derivada da V32 para incorporar o limiar operacional aprovado de `R$ 0,20` na auditoria dos resíduos, sem abrir solver, switching econômico, score econômico final, relatório financeiro atual ou engine completa. | ## Ajustes desta derivação | - inclusão explícita de `auditoria.limiar_residuo_resolvido = 0.20` em `dados/config_atualizado.json`; | - atualização de `replay.valor_minimo_lote_ativo = 0.20` para alinhar a noção de lote residual ativo ao limiar operacional aprovado nesta fase;"
relatorios/historico/baselines/BASELINE_FIXA_V34.md,BASELINE_FIXA_V34.md,34,V031_V060,BASELINE_RELEVANTE,42,2454,BASELINE FIXA V34,"# BASELINE FIXA V34 | Derivada da V33 para aplicar a correção cirúrgica aprovada apenas à classe de lotes históricos `nao_aportado_exaurido`, sem abrir solver, switching econômico, score econômico final, relatório financeiro atual ou engine completa. | ## Ajuste desta derivação | - correção da criação de lotes para **preservar taxa explícita igual a `0.0`**, em vez de convertê-la implicitamente para `1.0`; | - efeito prático esperado: lotes históricos `nao_aportado_exaurido` deixam de acumular rendimento indevido no replay;"
relatorios/historico/baselines/BASELINE_FIXA_V35.md,BASELINE_FIXA_V35.md,35,V031_V060,BASELINE_RELEVANTE,58,2926,BASELINE FIXA V35,"# BASELINE FIXA V35 | Derivada da V34 para aplicar uma correção cirúrgica apenas na transição de taxa bônus para taxa base dos lotes aportados com `Dias_Bonus > 0`, sem abrir solver, switching econômico, score econômico final, relatório financeiro atual ou engine completa. | ## Ajuste desta derivação | - a regra de `get_taxa_dia()` deixou de cortar a taxa bônus imediatamente quando `data_base_fiscal + dias_bonus` cai em fim de semana/feriado bancário; | - a nova convenção preserva a taxa bônus no **primeiro dia útil de rendimento** imediatamente posterior ao fim da janela corrida, apenas quando a virada ocorre em dia sem rendimento;"
relatorios/historico/baselines/BASELINE_FIXA_V36.md,BASELINE_FIXA_V36.md,36,V031_V060,BASELINE_RELEVANTE,51,2142,BASELINE FIXA V36,# BASELINE FIXA V36 | ## Escopo desta derivação | A V36 parte da V35 e aplica apenas correções cirúrgicas necessárias para: | 1. aceitar a nova base `dados/dados_financeiros.xlsx` enviada pelo usuário; | 2. robustecer a leitura de datas vazias/`NaT` no inventário de lotes;
relatorios/historico/baselines/BASELINE_FIXA_V37.md,BASELINE_FIXA_V37.md,37,V031_V060,BASELINE_RELEVANTE,41,1977,BASELINE FIXA V37,# BASELINE FIXA V37 | ## Escopo desta derivação | Esta derivação consolida quatro ajustes operacionais sobre a baseline V36: | 1. leitura da nova coluna `Data Recebimento` na aba `Inventário de Lotes`; | 2. separação entre **data de recebimento** e **data de aplicação** para o replay histórico;
relatorios/historico/baselines/BASELINE_FIXA_V38.md,BASELINE_FIXA_V38.md,38,V031_V060,BASELINE_RELEVANTE,22,1145,BASELINE FIXA V38,# BASELINE FIXA V38 | ## Escopo desta derivação | Esta derivação consolida a formalização documental da regra geral introduzida na V37 para lotes com `Data Recebimento` e `Data Aplicação` distintas. | ## Texto canônico oficial da regra
relatorios/historico/baselines/BASELINE_FIXA_V39.md,BASELINE_FIXA_V39.md,39,V031_V060,BASELINE_RELEVANTE,40,2060,BASELINE FIXA V39,"# BASELINE FIXA V39 | ## Escopo desta derivação | Esta derivação consolida uma limpeza documental mais ampla do repositório, sem abrir nova frente econômica nem alterar a lógica financeira já estabilizada na V38. | ## Objetivos da limpeza documental"
relatorios/historico/baselines/BASELINE_FIXA_V40.md,BASELINE_FIXA_V40.md,40,V031_V060,BASELINE_RELEVANTE,25,1921,BASELINE FIXA V40,"# BASELINE FIXA V40 | ## Escopo desta derivação | Esta derivação consolida uma limpeza adicional da saída operacional do script, reorganiza a apresentação do console, aplica o filtro de materialidade diretamente na tabela de inconsistências do replay e gera a planilha operacional com as abas `Extrato passado`, `Extrato futuro`, `Melhores produtos` e `Situação atual`. | ## Ajustes operacionais consolidados"
relatorios/historico/baselines/BASELINE_FIXA_V41.md,BASELINE_FIXA_V41.md,41,V031_V060,BASELINE_RELEVANTE,12,753,Baseline fixa V41,"# Baseline fixa V41 | ## Escopo | A V41 consolida a auditoria da seção **Situação atual — lotes ativos** para eliminar divergência entre console, planilha operacional e cálculo interno. | ## Ajustes desta versão | - a tabela de lotes ativos passou a recalcular `Bruto` e `Líquido` explicitamente na `data_referência`, usando `valor_bruto_em_data(...)` e `valor_liquido_em_data(...)`; | - a coluna `Valor original` foi adicionada ao console e à aba `Situação atual`;"
relatorios/historico/baselines/BASELINE_FIXA_V42.md,BASELINE_FIXA_V42.md,42,V031_V060,BASELINE_RELEVANTE,13,1108,Baseline fixa V42,"# Baseline fixa V42 | ## Escopo | A V42 corrige a divergência da seção **Situação atual — lotes ativos** quando o cache CDI já contém o fator do fechamento útil imediatamente anterior à data de referência. | ## Ajustes desta versão | - a situação atual passou a usar uma **data econômica efetiva** para exibição dos lotes ativos; | - quando a série CDI já alcança o fechamento útil imediatamente anterior à data de referência, a saída deixa de extrapolar um dia adicional sobre a data corrente;"
relatorios/historico/baselines/BASELINE_FIXA_V45.md,BASELINE_FIXA_V45.md,45,V031_V060,BASELINE_RELEVANTE,14,957,Baseline fixa V45,"# Baseline fixa V45 | ## Escopo | A V45 não abre novas camadas econômicas do projeto. Ela saneia o contrato operacional para refletir apenas o que já é executável na baseline e separa, em documento próprio, o backlog contratual das fases futuras. | ## Ajustes desta versão | - revisão cirúrgica do contrato operacional vigente; | - remoção de resíduos históricos e metas futuras do contrato executável;"
relatorios/historico/baselines/BASELINE_FIXA_V48.md,BASELINE_FIXA_V48.md,48,V031_V060,BASELINE_RELEVANTE,12,870,BASELINE FIXA V47,# BASELINE FIXA V47 | ## Objetivo da derivação | Atualizar a baseline V46 com o novo arquivo `dados/cache_bcb.json` enviado pelo usuário e revalidar a situação atual dos lotes com a série CDI mais recente disponível no repositório. | ## Mudança principal | - substituição de `dados/cache_bcb.json` pela nova versão com atualização em `2026-04-16` e fator diário disponível até `2026-04-15`; | - manutenção da regra de data de referência corrente com fallback controlado do último fator CDI disponível;
relatorios/historico/baselines/BASELINE_FIXA_V50.md,BASELINE_FIXA_V50.md,50,V031_V060,BASELINE_RELEVANTE,13,617,Baseline fixa V50,"# Baseline fixa V50 | A V50 explicita no núcleo financeiro a convenção operacional adotada para rendimento de lotes: | - **dia 0** = data de aplicação, sem rendimento do lote; | - **dia 1 em diante** = o lote já pode render, conforme a série CDI disponível e as regras do produto. | A alteração foi incorporada de forma contextual ao lote, evitando que o dia da aplicação seja marcado ou tratado como dia econômico de rendimento."
relatorios/historico/baselines/BASELINE_FIXA_V51.md,BASELINE_FIXA_V51.md,51,V031_V060,BASELINE_RELEVANTE,18,834,Baseline fixa V51,"# Baseline fixa V51 | A V51 explicita no núcleo financeiro a convenção operacional adotada para rendimento de lotes: | - **dia 0** = data de aplicação, sem rendimento do lote; | - **dia 1 em diante** = o lote já pode render, conforme a série CDI disponível e as regras do produto. | A alteração foi incorporada de forma contextual ao lote, evitando que o dia da aplicação seja marcado ou tratado como dia econômico de rendimento."
relatorios/historico/baselines/BASELINE_FIXA_V52.md,BASELINE_FIXA_V52.md,52,V031_V060,BASELINE_RELEVANTE,23,987,Baseline fixa V52,"# Baseline fixa V52 | A V52 explicita no núcleo financeiro a convenção operacional adotada para rendimento de lotes: | - **dia 0** = data de aplicação, sem rendimento do lote; | - **dia 1 em diante** = o lote já pode render, conforme a série CDI disponível e as regras do produto. | A alteração foi incorporada de forma contextual ao lote, evitando que o dia da aplicação seja marcado ou tratado como dia econômico de rendimento."
relatorios/historico/baselines/BASELINE_FIXA_V55.md,BASELINE_FIXA_V55.md,55,V031_V060,BASELINE_RELEVANTE,36,1475,Baseline fixa V55,# Baseline fixa V55 | ## Objetivo desta versão | Reorganizar estruturalmente todo o repositório sem alterar a base funcional vigente. | ## Reorganização aplicada
relatorios/historico/baselines/BASELINE_FIXA_V58.md,BASELINE_FIXA_V58.md,58,V031_V060,BASELINE_RELEVANTE,36,1676,Baseline fixa V58,"# Baseline fixa V58 | ## Objetivo desta versão | Derivar a V57 de forma cirúrgica para retirar a auditoria comparativa contra app do fluxo executável e tornar auditável o uso de fallback CDI na situação atual, sem alterar o motor financeiro. | ## Reorganização aplicada"
relatorios/historico/baselines/BASELINE_FIXA_V59.md,BASELINE_FIXA_V59.md,59,V031_V060,MARCO_CHAVE_PROVAVEL,29,1570,Baseline fixa V59,"# Baseline fixa V59 | ## Objetivo desta versão | Derivar a V58 de forma cirúrgica para consolidar a higiene operacional/documental da baseline, remover resíduos estruturais do fluxo antigo e adicionar uma checagem mínima automática de release, sem alterar o motor financeiro. | ## Reorganização aplicada"
relatorios/historico/baselines/BASELINE_FIXA_V60.md,BASELINE_FIXA_V60.md,60,V031_V060,MARCO_CHAVE_PROVAVEL,28,1737,Baseline fixa V60,"# Baseline fixa V60 | ## Objetivo desta versão | Derivar a V59 de forma cirúrgica para abrir apenas a **Etapa 1 da Frente F1**, formalizando o contrato mínimo da nova camada de caixa/recebidos auditáveis e tornando essa etapa observável por documentação e script diagnóstico, sem alterar o motor financeiro nem integrar ainda a F1 ao fluxo principal. | ## Reorganização aplicada"
relatorios/historico/baselines/BASELINE_FIXA_V61.md,BASELINE_FIXA_V61.md,61,V061_V090,BASELINE_RELEVANTE,29,1805,Baseline fixa V61,"# Baseline fixa V61 | ## Objetivo desta versão | Derivar a V60 de forma cirúrgica para abrir a **Etapa 2 da Frente F1**, materializando a primeira estrutura real de caixa/recebidos auditáveis: `recebido_auditavel`, sem alterar o motor financeiro nem integrar ainda a F1 ao fluxo principal. | ## Reorganização aplicada"
relatorios/historico/baselines/BASELINE_FIXA_V62.md,BASELINE_FIXA_V62.md,62,V061_V090,BASELINE_RELEVANTE,29,1953,Baseline fixa V62,"# Baseline fixa V62 | ## Objetivo desta versão | Derivar a V61 de forma cirúrgica para abrir a **Etapa 3 da Frente F1**, materializando a segunda estrutura real de caixa/recebidos auditáveis: `fonte_elegivel_pagamento`, sem alterar o motor financeiro nem integrar ainda a F1 ao fluxo principal. | ## Reorganização aplicada"
relatorios/historico/baselines/BASELINE_FIXA_V63.md,BASELINE_FIXA_V63.md,63,V061_V090,BASELINE_RELEVANTE,29,1617,Baseline fixa V63,"# Baseline fixa V63 | ## Objetivo desta versão | Derivar a V62 de forma cirúrgica para atualizar o cache BCB/CDI do repositório com o arquivo enviado pelo usuário, regenerando os artefatos correntes sem alterar o motor financeiro nem a etapa funcional da F1 já aberta. | ## Reorganização aplicada"
relatorios/historico/baselines/BASELINE_FIXA_V64.md,BASELINE_FIXA_V64.md,64,V061_V090,MARCO_CHAVE_PROVAVEL,37,2050,Baseline fixa V64,"# Baseline fixa V64 | ## Objetivo desta versão | Derivar a V63 de forma cirúrgica para incluir, na seção `Situação atual` do console e da planilha operacional, a situação atual de todos os recebidos auditáveis, incluindo os exauridos, sem alterar o motor financeiro nem a etapa funcional da F1 já aberta. | ## Reorganização aplicada"
relatorios/historico/baselines/BASELINE_FIXA_V65.md,BASELINE_FIXA_V65.md,65,V061_V090,MARCO_CHAVE_PROVAVEL,30,2019,Baseline fixa V65,"# Baseline fixa V65 | ## Objetivo desta versão | Derivar a V64 de forma cirúrgica para reorganizar a seção `Situação atual` do console e da planilha operacional em blocos explícitos de lotes exauridos e lotes ativos, mantendo a leitura dos recebidos auditáveis, inclusive os exauridos, sem alterar o motor financeiro nem a etapa funcional da F1 já aberta. | ## Reorganização aplicada"
relatorios/historico/baselines/BASELINE_FIXA_V66.md,BASELINE_FIXA_V66.md,66,V061_V090,MARCO_CHAVE_PROVAVEL,31,2363,Baseline fixa V66,"# Baseline fixa V66 | ## Objetivo desta versão | Derivar a V65 de forma cirúrgica para ajustar apenas a camada de exibição e a normalização operacional de resíduos sub-limiar na situação atual, removendo a tabela detalhada de recebidos do console e da planilha operacional, separando o fechamento econômico em aba própria do `.xlsx` e corrigindo o caso do `Lote 4124,75 fev.` que aparecia exaurido com saldo remanescente positivo abaixo do limiar. | ## Ajustes aplicados"
relatorios/historico/baselines/BASELINE_FIXA_V67.md,BASELINE_FIXA_V67.md,67,V061_V090,MARCO_CHAVE_PROVAVEL,31,2089,Baseline fixa V67,"# Baseline fixa V67 | ## Objetivo desta versão | Derivar a V66 de forma cirúrgica para ajustar apenas a semântica da camada F1 ligada aos recebidos/lotes usados antes da aplicação, substituindo o rótulo `misto` por uma classificação operacional mais explicativa, sem alterar o motor financeiro nem a lógica econômica já implementada. | ## Ajustes aplicados"
relatorios/historico/baselines/BASELINE_FIXA_V68.md,BASELINE_FIXA_V68.md,68,V061_V090,MARCO_CHAVE_PROVAVEL,30,1907,Baseline fixa V68,"# Baseline fixa V68 | ## Objetivo desta versão | Derivar a V67 de forma cirúrgica para abrir a micro-etapa **F1.4**, refinando `fonte_elegivel_pagamento` para uma leitura temporal por **pagamento** e por **data de pagamento**, sem alterar o motor financeiro nem a lógica econômica já implementada. | ## Ajustes aplicados"
relatorios/historico/baselines/BASELINE_FIXA_V69.md,BASELINE_FIXA_V69.md,69,V061_V090,MARCO_CHAVE_PROVAVEL,30,1977,Baseline fixa V69,"# Baseline fixa V69 | ## Objetivo desta versão | Derivar a V68 de forma cirúrgica para abrir a micro-etapa **F1.5**, materializando `saldo_disponivel_geral` por pagamento a partir das fontes explícitas já observáveis, sem alterar o motor financeiro nem a lógica econômica já implementada. | ## Ajustes aplicados"
relatorios/historico/baselines/BASELINE_FIXA_V71.md,BASELINE_FIXA_V71.md,71,V061_V090,MARCO_CHAVE_PROVAVEL,30,2114,Baseline fixa V71,"# Baseline fixa V71 | ## Objetivo desta versão | Derivar a V71 de forma cirúrgica para abrir a micro-etapa **F1.7**, materializando `decisao_local_v1` com proxy econômico v2 por pagamento sobre a matriz temporal completa (`fonte_elegivel_pagamento` + `saldo_disponivel_geral`), sem alterar o motor financeiro nem integrar a decisão ao fluxo principal. | ## Ajustes aplicados"
relatorios/historico/baselines/BASELINE_FIXA_V72.md,BASELINE_FIXA_V72.md,72,V061_V090,MARCO_CHAVE_PROVAVEL,30,2114,Baseline fixa V72,"# Baseline fixa V72 | ## Objetivo desta versão | Derivar a V71 de forma cirúrgica para abrir a micro-etapa **F1.8**, materializando `decisao_local_v1` com proxy econômico v3 por pagamento sobre a matriz temporal completa (`fonte_elegivel_pagamento` + `saldo_disponivel_geral`), sem alterar o motor financeiro nem integrar a decisão ao fluxo principal. | ## Ajustes aplicados"
relatorios/historico/baselines/BASELINE_FIXA_V73.md,BASELINE_FIXA_V73.md,73,V061_V090,MARCO_CHAVE_PROVAVEL,30,1915,Baseline fixa V73,"# Baseline fixa V73 | ## Objetivo desta versão | Derivar a V72 de forma cirúrgica para abrir a **auditoria comparativa proxy econômico v2 vs v3** sobre a mesma base e os mesmos pagamentos, sem alterar o motor financeiro, sem abrir multifonte e sem integrar novas decisões ao fluxo principal. | ## Ajustes aplicados"
relatorios/historico/baselines/BASELINE_FIXA_V74.md,BASELINE_FIXA_V74.md,74,V061_V090,MARCO_CHAVE_PROVAVEL,30,2049,Baseline fixa V74,"# Baseline fixa V74 | ## Objetivo desta versão | Derivar a V73 de forma cirúrgica para executar uma **sincronização documental** do repositório, alinhando contrato operacional, backlog, README e relatórios vigentes ao estado real da baseline, sem alterar o motor financeiro, sem abrir multifonte e sem mexer na decisão local congelada. | ## Ajustes aplicados"
relatorios/historico/baselines/BASELINE_FIXA_V75.md,BASELINE_FIXA_V75.md,75,V061_V090,MARCO_CHAVE_PROVAVEL,23,1694,Baseline fixa V75,"# Baseline fixa V75 | ## Objetivo desta versão | Derivar a V74 de forma cirúrgica para executar um **mapeamento de absorção legado** dos `Script 1.txt` e `Script 2.txt`, alinhando README, contrato, backlog e relatórios vigentes ao estado real do repositório, sem alterar o motor financeiro, sem reabrir o `proxy econômico v3` congelado e sem abrir `multifonte v1`. | ## Ajustes aplicados"
relatorios/historico/baselines/BASELINE_FIXA_V76.md,BASELINE_FIXA_V76.md,76,V061_V090,MARCO_CHAVE_PROVAVEL,28,1879,Baseline fixa V76,"# Baseline fixa V76 | ## Objetivo desta versão | Derivar a V75 de forma cirúrgica para abrir a **absorção inicial do switching econômico legado em modo shadow**, adicionando uma camada diagnóstica auditável de comparação `manter vs. trocar` por lote sem acoplamento ao fluxo principal. | ## Ajustes aplicados"
relatorios/historico/baselines/BASELINE_FIXA_V77.md,BASELINE_FIXA_V77.md,77,V061_V090,MARCO_CHAVE_PROVAVEL,41,2671,Baseline fixa V77,"# Baseline fixa V77 | ## Objetivo desta versão | Derivar a V76 de forma cirúrgica para abrir o **benchmark shadow do `resolver_hibrido_5p` legado**, adicionando uma camada diagnóstica auditável de alocação multifonte local por pagamento sem acoplamento ao fluxo principal. | ## Ajustes aplicados"
relatorios/historico/baselines/BASELINE_FIXA_V78.md,BASELINE_FIXA_V78.md,78,V061_V090,MARCO_CHAVE_PROVAVEL,48,3059,Baseline fixa V78,"# Baseline fixa V78 | ## Objetivo desta versão | Derivar a V77 de forma cirúrgica para abrir o **benchmark shadow do `resolver_hibrido_5p` legado**, adicionando uma camada diagnóstica auditável de alocação multifonte local por pagamento sem acoplamento ao fluxo principal. | ## Ajustes aplicados"
relatorios/historico/baselines/BASELINE_FIXA_V79.md,BASELINE_FIXA_V79.md,79,V061_V090,MARCO_CHAVE_PROVAVEL,53,3306,Baseline fixa V79,"# Baseline fixa V79 | ## Objetivo desta versão | Derivar a V77 de forma cirúrgica para abrir o **benchmark shadow do `resolver_hibrido_5p` legado**, adicionando uma camada diagnóstica auditável de alocação multifonte local por pagamento sem acoplamento ao fluxo principal. | ## Ajustes aplicados"
relatorios/historico/baselines/BASELINE_FIXA_V8.md,BASELINE_FIXA_V8.md,8,V001_V030,BASELINE_RELEVANTE,15,605,Baseline fixa V8,"# Baseline fixa V8 | Esta versão do repositório foi congelada como baseline fixa de referência da fase atual do projeto. | ## Objetivo | Preservar uma base estável, coerente com o contrato operacional consolidado, para orientar: | - próximas auditorias dos scripts-base; | - próximas implementações controladas;"
relatorios/historico/baselines/BASELINE_FIXA_V80.md,BASELINE_FIXA_V80.md,80,V061_V090,BASELINE_RELEVANTE,21,1513,Baseline fixa V80,"# Baseline fixa V80 | ## Objetivo desta versão | Derivar a V79 de forma cirúrgica para abrir uma **auditoria cirúrgica apenas dos 42 casos reaproveitáveis** identificados na auditoria residual entre o `proxy v3` vigente e o benchmark shadow do `resolver_hibrido_5p`, sem alterar o fluxo principal, sem reabrir o `proxy v3` e sem acoplar o benchmark híbrido. | ## Ajustes aplicados"
relatorios/historico/baselines/BASELINE_FIXA_V82.md,BASELINE_FIXA_V82.md,82,V061_V090,BASELINE_RELEVANTE,21,1600,Baseline fixa V82,"# Baseline fixa V82 | ## Objetivo desta versão | Derivar a V81 de forma cirúrgica para abrir uma **auditoria fina apenas da transição dominante `Lote 3000 mar. B -> Lote 8500 mar.`**, identificada a partir da auditoria cirúrgica dos 42 casos reaproveitáveis entre o `proxy v3` vigente e o benchmark shadow do `resolver_hibrido_5p`, sem alterar o fluxo principal, sem reabrir o `proxy v3` e sem acoplar o benchmark híbrido. | ## Ajustes aplicados"
relatorios/historico/baselines/BASELINE_FIXA_V83.md,BASELINE_FIXA_V83.md,83,V061_V090,BASELINE_RELEVANTE,21,1600,Baseline fixa V83,"# Baseline fixa V83 | ## Objetivo desta versão | Derivar a V81 de forma cirúrgica para abrir uma **auditoria fina apenas da transição dominante `Lote 3000 mar. B -> Lote 8500 mar.`**, identificada a partir da auditoria cirúrgica dos 42 casos reaproveitáveis entre o `proxy v3` vigente e o benchmark shadow do `resolver_hibrido_5p`, sem alterar o fluxo principal, sem reabrir o `proxy v3` e sem acoplar o benchmark híbrido. | ## Ajustes aplicados"
relatorios/historico/baselines/BASELINE_FIXA_V84.md,BASELINE_FIXA_V84.md,84,V061_V090,BASELINE_RELEVANTE,24,894,Baseline fixa V84,# Baseline fixa V84 | ## Escopo da V84 | A V84 preserva integralmente a baseline funcional imediatamente anterior e abre apenas uma **auditoria estrutural de redundância e compatibilidade**. | ## O que a V84 adiciona
relatorios/historico/baselines/BASELINE_FIXA_V85.md,BASELINE_FIXA_V85.md,85,V061_V090,BASELINE_RELEVANTE,24,1051,Baseline fixa V85,"# Baseline fixa V85 | ## Escopo da V85 | A V85 preserva integralmente a baseline funcional imediatamente anterior e preserva integralmente a baseline funcional imediatamente anterior e corrige os wrappers raiz quebrados identificados na auditoria estrutural, sem alterar o motor financeiro, o replay, o `proxy v3` congelado ou os benchmarks shadow. | ## O que a V85 adiciona"
relatorios/historico/baselines/BASELINE_FIXA_V86.md,BASELINE_FIXA_V86.md,86,V061_V090,BASELINE_RELEVANTE,24,1091,Baseline fixa V86,"# Baseline fixa V86 | ## Escopo da V86 | A V86 preserva integralmente a baseline funcional imediatamente anterior e preserva integralmente a baseline funcional imediatamente anterior e preserva integralmente a baseline funcional imediatamente anterior e consolida helpers duplicados de baixo risco, sem alterar o motor financeiro, o replay, o `proxy v3` congelado ou os benchmarks shadow. | ## O que a V86 adiciona"
relatorios/historico/baselines/BASELINE_FIXA_V87.md,BASELINE_FIXA_V87.md,87,V061_V090,BASELINE_RELEVANTE,24,956,Baseline fixa V88,"# Baseline fixa V88 | ## Escopo da V88 | A V88 preserva integralmente a baseline funcional imediatamente anterior e abre o mapa de absorção da execução principal do Script 2, sem alterar o motor financeiro, o replay, o `proxy v3` congelado ou os benchmarks shadow. | ## O que a V88 adiciona"
relatorios/historico/baselines/BASELINE_FIXA_V88.md,BASELINE_FIXA_V88.md,88,V061_V090,BASELINE_RELEVANTE,24,956,Baseline fixa V88,"# Baseline fixa V88 | ## Escopo da V88 | A V88 preserva integralmente a baseline funcional imediatamente anterior e abre o mapa de absorção da execução principal do Script 2, sem alterar o motor financeiro, o replay, o `proxy v3` congelado ou os benchmarks shadow. | ## O que a V88 adiciona"
relatorios/historico/baselines/BASELINE_FIXA_V89.md,BASELINE_FIXA_V89.md,89,V061_V090,BASELINE_RELEVANTE,28,1312,Baseline fixa V89,"# Baseline fixa V89 | ## Escopo da V89 | A V89 preserva integralmente a baseline funcional imediatamente anterior, atualiza os arquivos canônicos `dados/dados_financeiros.xlsx` e `dados/cache_bcb.json`, ajusta o `.gitignore` e revalida o benchmark shadow agrupado vs individual, sem alterar o motor financeiro, o replay ou o `proxy v3` congelado. | ## O que a V89 adiciona | ## Atualização da V89"
relatorios/historico/baselines/BASELINE_FIXA_V9.md,BASELINE_FIXA_V9.md,9,V001_V030,BASELINE_RELEVANTE,3,170,Baseline fixa V9,# Baseline fixa V9 | Esta versão foi consolidada como baseline fixa de referência após limpeza dos artefatos de execução local e alinhamento do contrato operacional.
relatorios/historico/baselines/BASELINE_FIXA_V90.md,BASELINE_FIXA_V90.md,90,V061_V090,BASELINE_RELEVANTE,18,770,Baseline fixa V90,# Baseline fixa V90 | ## Escopo da V90 | A V90 preserva integralmente a baseline funcional imediatamente anterior e corrige a etapa de promoção do arquivo temporário usado no download da planilha financeira. A correção evita falso `PermissionError` no Windows ao validar o `.xlsx` baixado antes de sobrescrever `dados/dados_financeiros.xlsx`. | ## O que a V90 altera
relatorios/historico/baselines/BASELINE_FIXA_V91.md,BASELINE_FIXA_V91.md,91,V091_V120,BASELINE_RELEVANTE,18,770,Baseline fixa V91,# Baseline fixa V91 | ## Escopo da V91 | A V91 preserva integralmente a baseline funcional imediatamente anterior e corrige a etapa de promoção do arquivo temporário usado no download da planilha financeira. A correção evita falso `PermissionError` no Windows ao validar o `.xlsx` baixado antes de sobrescrever `dados/dados_financeiros.xlsx`. | ## O que a V91 altera
relatorios/historico/baselines/BASELINE_FIXA_V92.md,BASELINE_FIXA_V92.md,92,V091_V120,BASELINE_RELEVANTE,18,631,Baseline fixa V92,"# Baseline fixa V92 | ## Escopo da V92 | A V92 preserva integralmente a baseline funcional imediatamente anterior e abre o benchmark shadow do runner de simulação futura do Script 2 correto, sem migrar o runner legado bruto para o fluxo principal. | ## O que a V92 altera"
relatorios/historico/baselines/BASELINE_FIXA_V93.md,BASELINE_FIXA_V93.md,93,V091_V120,BASELINE_RELEVANTE,18,656,Baseline fixa V93,"# Baseline fixa V93 | ## Escopo da V93 | A V93 preserva integralmente a baseline funcional imediatamente anterior e abre a auditoria dos casos sem cobertura integral do runner futuro shadow, com subbloco final para os 3 casos multifonte, sem migrar o runner legado bruto para o fluxo principal. | ## O que a V93 altera"
relatorios/historico/baselines/BASELINE_FIXA_V94.md,BASELINE_FIXA_V94.md,94,V091_V120,BASELINE_RELEVANTE,18,656,Baseline fixa V94,"# Baseline fixa V94 | ## Escopo da V94 | A V94 preserva integralmente a baseline funcional imediatamente anterior e abre a auditoria dos casos sem cobertura integral do runner futuro shadow, com subbloco final para os 3 casos multifonte, sem migrar o runner legado bruto para o fluxo principal. | ## O que a V94 altera"
relatorios/historico/baselines/BASELINE_FIXA_V95.md,BASELINE_FIXA_V95.md,95,V091_V120,BASELINE_RELEVANTE,20,895,Baseline fixa V95,"# Baseline fixa V95 | ## Escopo da V95 | A V95 preserva integralmente a baseline funcional imediatamente anterior, mantém a auditoria dos casos sem cobertura integral do runner futuro shadow com subbloco final para os 3 casos multifonte e adiciona ao console uma amostra dos últimos 5 pagamentos já realizados e dos próximos 5 pagamentos. | ## O que a V95 altera"
relatorios/historico/baselines/BASELINE_FIXA_V96.md,BASELINE_FIXA_V96.md,96,V091_V120,BASELINE_RELEVANTE,20,895,Baseline fixa V96,"# Baseline fixa V96 | ## Escopo da V96 | A V96 preserva integralmente a baseline funcional imediatamente anterior, mantém a auditoria dos casos sem cobertura integral do runner futuro shadow com subbloco final para os 3 casos multifonte e adiciona ao console uma amostra dos últimos 5 pagamentos já realizados e dos próximos 5 pagamentos. | ## O que a V96 altera"
relatorios/historico/baselines/BASELINE_FIXA_V97.md,BASELINE_FIXA_V97.md,97,V091_V120,BASELINE_RELEVANTE,20,895,Baseline fixa V97,"# Baseline fixa V97 | ## Escopo da V97 | A V97 preserva integralmente a baseline funcional imediatamente anterior, mantém a auditoria dos casos sem cobertura integral do runner futuro shadow com subbloco final para os 3 casos multifonte e adiciona ao console uma amostra dos últimos 5 pagamentos já realizados e dos próximos 5 pagamentos. | ## O que a V97 altera"
relatorios/historico/baselines/BASELINE_FIXA_V98.md,BASELINE_FIXA_V98.md,98,V091_V120,BASELINE_RELEVANTE,20,936,Baseline fixa V98,"# Baseline fixa V98 | ## Escopo da V98 | A V98 preserva integralmente a baseline funcional imediatamente anterior, mantém a auditoria dos casos sem cobertura integral do runner futuro shadow com subbloco final para os 3 casos multifonte e mantém no console uma amostra dos últimos 5 pagamentos já realizados e dos próximos 5 pagamentos, refinando a semântica da amostra futura. | ## O que a V98 altera"
relatorios/historico/baselines/BASELINE_FIXA_V99.md,BASELINE_FIXA_V99.md,99,V091_V120,BASELINE_RELEVANTE,25,1195,Baseline fixa V99,"# Baseline fixa V99 | ## Escopo da V99 | A V99 preserva integralmente a baseline funcional imediatamente anterior, mantém a auditoria dos casos sem cobertura integral do runner futuro shadow com subbloco final para os 3 casos multifonte e mantém no console uma amostra dos últimos 5 pagamentos já realizados e dos próximos 5 pagamentos, refinando a semântica da amostra futura. | ## O que a V99 altera"
